Season,Month,Shape,Spacing_cm,Energy_kWh,Baseline_Energy_kWh,Deviation_%
Autumn,August,Flat,62,11.4171275,11.5630475,-1.2619510557229854
Autumn,August,Flat,77,11.5630475,11.5630475,0.0
Autumn,August,Flat,93,11.6714425,11.5630475,0.9374258818879695
Autumn,August,Inverted-V,62,12.36705,11.5630475,6.953205891439961
Autumn,August,Inverted-V,77,12.5242725,11.5630475,8.31290367007487
Autumn,August,Inverted-V,93,12.64109,11.5630475,9.323169346143398
Autumn,August,V-Shape,62,12.0006,11.5630475,3.784058657546816
Autumn,August,V-Shape,77,12.1536425,11.5630475,5.107606796564664
Autumn,August,V-Shape,93,12.26745,11.5630475,6.091841272813248
Autumn,July,Flat,62,9.846865,9.9718675,-1.2535515539090425
Autumn,July,Flat,77,9.9718675,9.9718675,0.0
Autumn,July,Flat,93,10.06474,9.9718675,0.9313451066212057
Autumn,July,Inverted-V,62,10.67128,9.9718675,7.013856732452566
Autumn,July,Inverted-V,77,10.8058625,9.9718675,8.3634785560478
Autumn,July,Inverted-V,93,10.9058875,9.9718675,9.366550448047974
Autumn,July,V-Shape,62,10.3532925,9.9718675,3.8250107113838014
Autumn,July,V-Shape,77,10.4843325,9.9718675,5.139107594440065
Autumn,July,V-Shape,93,10.5817775,9.9718675,6.116306699823271
Autumn,September,Flat,62,12.367145,12.52885,-1.290661154056434
Autumn,September,Flat,77,12.52885,12.52885,0.0
Autumn,September,Flat,93,12.6490975,12.52885,0.9597648626968925
Autumn,September,Inverted-V,62,13.390545,12.52885,6.877686300019549
Autumn,September,Inverted-V,77,13.5648825,12.52885,8.26917474468925
Autumn,September,Inverted-V,93,13.69443,12.52885,9.30316828759224
Autumn,September,V-Shape,62,12.9955125,12.52885,3.7247033845883695
Autumn,September,V-Shape,77,13.165245,12.52885,5.079436660188287
Autumn,September,V-Shape,93,13.2913925,12.52885,6.086292836134205
Spring,February,Flat,62,13.3025275,13.4771975,-1.296040961038085
Spring,February,Flat,77,13.4771975,13.4771975,0.0
Spring,February,Flat,93,13.60709,13.4771975,0.9637945871164878
Spring,February,Inverted-V,62,14.3937725,13.4771975,6.800931721895445
Spring,February,Inverted-V,77,14.58216,13.4771975,8.198755713122102
Spring,February,Inverted-V,93,14.7222525,13.4771975,9.23823369064673
Spring,February,V-Shape,62,13.9726025,13.4771975,3.6758754926608432
Spring,February,V-Shape,77,14.15598,13.4771975,5.036525583304679
Spring,February,V-Shape,93,14.2922975,13.4771975,6.047993286438069
Spring,January,Flat,62,10.9686475,11.1060225,-1.2369414882780985
Spring,January,Flat,77,11.1060225,11.1060225,0.0
Spring,January,Flat,93,11.208085,11.1060225,0.9189833714095269
Spring,January,Inverted-V,62,11.879695,11.1060225,6.966242865076133
Spring,January,Inverted-V,77,12.02772,11.1060225,8.299078270370877
Spring,January,Inverted-V,93,12.1377625,11.1060225,9.289914548615394
Spring,January,V-Shape,62,11.5284525,11.1060225,3.8036119591870117
Spring,January,V-Shape,77,11.67255,11.1060225,5.10108366879321
Spring,January,V-Shape,93,11.77969,11.1060225,6.065785478104339
Spring,March,Flat,62,13.71332,13.894855,-1.3064907838189044
Spring,March,Flat,77,13.894855,13.894855,0.0
Spring,March,Flat,93,14.02977,13.894855,0.97097090973601
Spring,March,Inverted-V,62,14.8412025,13.894855,6.810776362905549
Spring,March,Inverted-V,77,15.0369325,13.894855,8.219427262824988
Spring,March,Inverted-V,93,15.1824825,13.894855,9.266937294415818
Spring,March,V-Shape,62,14.405765,13.894855,3.6769725196844507
Spring,March,V-Shape,77,14.5963,13.894855,5.048235479967223
Spring,March,V-Shape,93,14.7379725,13.894855,6.067839498864867
Summer,April,Flat,62,14.00816,14.1969425,-1.3297405409650724
Summer,April,Flat,77,14.1969425,14.1969425,0.0
Summer,April,Flat,93,14.337255,14.1969425,0.988329001121194
Summer,April,Inverted-V,62,15.16078,14.1969425,6.789049825340916
Summer,April,Inverted-V,77,15.3643,14.1969425,8.222597929096349
Summer,April,Inverted-V,93,15.51559,14.1969425,9.288249917191669
Summer,April,V-Shape,62,14.7155775,14.1969425,3.65314573895048
Summer,April,V-Shape,77,14.9136675,14.1969425,5.048446170715986
Summer,April,V-Shape,93,15.0609225,14.1969425,6.085676546199998
Summer,June,Flat,62,10.65355,10.789455,-1.2596094983481654
Summer,June,Flat,77,10.789455,10.789455,0.0
Summer,June,Flat,93,10.890575,10.789455,0.9372113790733626
Summer,June,Inverted-V,62,11.5413425,10.789455,6.968725482427058
Summer,June,Inverted-V,77,11.6878225,10.789455,8.326347345625882
Summer,June,Inverted-V,93,11.79665,10.789455,9.334994214258268
Summer,June,V-Shape,62,11.1988575,10.789455,3.794468766031283
Summer,June,V-Shape,77,11.3414675,10.789455,5.116222274433695
Summer,June,V-Shape,93,11.447470000000001,10.789455,6.09868617089557
Summer,May,Flat,62,11.013975,11.1571775,-1.2835011363761062
Summer,May,Flat,77,11.1571775,11.1571775,0.0
Summer,May,Flat,93,11.2635875,11.1571775,0.9537358350711937
Summer,May,Inverted-V,62,11.930275,11.1571775,6.929149419734521
Summer,May,Inverted-V,77,12.0846,11.1571775,8.312339747216539
Summer,May,Inverted-V,93,12.1992675,11.1571775,9.340086235967833
Summer,May,V-Shape,62,11.5766275,11.1571775,3.759463358900593
Summer,May,V-Shape,77,11.7268875,11.1571775,5.106219740610926
Summer,May,V-Shape,93,11.838565000000001,11.1571775,6.107167336900407
Winter,December,Flat,62,10.35979,10.4895475,-1.237017135391209
Winter,December,Flat,77,10.4895475,10.4895475,0.0
Winter,December,Flat,93,10.585985,10.4895475,0.9193675894980256
Winter,December,Inverted-V,62,11.2216025,10.4895475,6.978899709448849
Winter,December,Inverted-V,77,11.361395,10.4895475,8.311583507296186
Winter,December,Inverted-V,93,11.465300000000001,10.4895475,9.302141012279131
Winter,December,V-Shape,62,10.8893375,10.4895475,3.8113178857333874
Winter,December,V-Shape,77,11.02545,10.4895475,5.108919140696954
Winter,December,V-Shape,93,11.1266525,10.4895475,6.073712903249639
Winter,November,Flat,62,9.275085,9.390755,-1.2317433475796111
Winter,November,Flat,77,9.390755,9.390755,0.0
Winter,November,Flat,93,9.476545,9.390755,0.9135580685471973
Winter,November,Inverted-V,62,10.0486625,9.390755,7.0059063408639695
Winter,November,Inverted-V,77,10.173195,9.390755,8.332024421891523
Winter,November,Inverted-V,93,10.2656825,9.390755,9.316902634559202
Winter,November,V-Shape,62,9.750415,9.390755,3.8299369965460697
Winter,November,V-Shape,77,9.8716675,9.390755,5.1211271085232095
Winter,November,V-Shape,93,9.9618325,9.390755,6.081273550422724
Winter,October,Flat,62,10.90286,11.0407625,-1.249030580994738
Winter,October,Flat,77,11.0407625,11.0407625,0.0
Winter,October,Flat,93,11.143295,11.0407625,0.928672272408727
Winter,October,Inverted-V,62,11.8103275,11.0407625,6.970216051654042
Winter,October,Inverted-V,77,11.9588775,11.0407625,8.315684718333541
Winter,October,Inverted-V,93,12.069275,11.0407625,9.31559301271085
Winter,October,V-Shape,62,11.4604,11.0407625,3.800801801506013
Winter,October,V-Shape,77,11.605065,11.0407625,5.111082681110115
Winter,October,V-Shape,93,11.7125675,11.0407625,6.084769960408087
