Month,Shape,Spacing_cm,Connection,Energy_kWh,Reference_Energy_kWh,Deviation_%
April,Flat,62,Se-P,38.266799999999996,38.76555,-1.2865804818969448
April,Flat,62,TCT,27.29665,38.76555,-29.585289000156063
April,Flat,62,TSSC,26.78695,38.76555,-30.900116211429985
April,Flat,77,Se-P,38.76555,38.76555,0.0
April,Flat,77,TCT,27.6528,38.76555,-28.666560902657125
April,Flat,77,TSSC,27.1358,38.76555,-30.000219266849044
April,Flat,93,Se-P,26.09085,38.76555,-32.69578272460986
April,Flat,93,TCT,27.9167,38.76555,-27.98580182662183
April,Flat,93,TSSC,27.39585,38.76555,-29.329391689270494
April,Inverted-V,62,Se-P,41.427925,38.76555,6.867889143840354
April,Inverted-V,62,TCT,29.55225,38.76555,-23.766720709495925
April,Inverted-V,62,TSSC,30.38305,38.76555,-21.623580730829296
April,Inverted-V,77,Se-P,41.9665,38.76555,8.2572025935399
April,Inverted-V,77,TCT,29.93575,38.76555,-22.777440278804246
April,Inverted-V,77,TSSC,30.77615,38.76555,-20.609536044245463
April,Inverted-V,93,Se-P,42.36685,38.76555,9.289949452542276
April,Inverted-V,93,TCT,30.2224,38.76555,-22.037995075524524
April,Inverted-V,93,TSSC,31.0681,38.76555,-19.856418908025287
April,Unknown,93,Se-P,13.045425,38.76555,-66.34789136230492
April,V-Shape,62,Se-P,40.2092,38.76555,3.724053960281758
April,V-Shape,62,TCT,28.5488,38.76555,-26.35523035272297
April,V-Shape,62,TSSC,28.682375,38.76555,-26.010658948473576
April,V-Shape,77,Se-P,40.73135,38.76555,5.070997315915811
April,V-Shape,77,TCT,28.919875,38.76555,-25.398001576141695
April,V-Shape,77,TSSC,29.055925,38.76555,-25.04704563717012
April,V-Shape,93,Se-P,41.11985,38.76555,6.073175796551325
April,V-Shape,93,TCT,29.19505,38.76555,-24.688157397483074
April,V-Shape,93,TSSC,29.332925,38.76555,-24.332493670281988
December,Flat,62,Se-P,10.359775,10.489425,-1.2360067401215968
December,Flat,62,TCT,11.084775,10.489425,5.675716257087493
December,Flat,62,TSSC,10.878075,10.489425,3.7051601970556076
December,Flat,77,Se-P,10.489425,10.489425,0.0
December,Flat,77,TCT,11.224075,10.489425,7.003720413654689
December,Flat,77,TSSC,11.014,10.489425,5.000989091394415
December,Flat,93,Se-P,10.58665,10.489425,0.926885887453315
December,Flat,93,TCT,11.3271,10.489425,7.985900085085684
December,Flat,93,TSSC,11.11515,10.489425,5.965293617142971
December,Inverted-V,62,Se-P,11.22195,10.489425,6.983461915214599
December,Inverted-V,62,TCT,12.00755,10.489425,14.47290962088007
December,Inverted-V,62,TSSC,12.3437,10.489425,17.67756573882743
December,Inverted-V,77,Se-P,11.36165,10.489425,8.315279436194057
December,Inverted-V,77,TCT,12.15685,10.489425,15.896247887753615
December,Inverted-V,77,TSSC,12.497825,10.489425,19.146902713923783
December,Inverted-V,93,Se-P,11.465225,10.489425,9.302702483691903
December,Inverted-V,93,TCT,12.2679,10.489425,16.954933182705425
December,Inverted-V,93,TSSC,12.6117,10.489425,20.232519895037143
December,V-Shape,62,Se-P,10.8891,10.489425,3.810266053668322
December,V-Shape,62,TCT,11.633225,10.489425,10.90431553683828
December,V-Shape,62,TSSC,11.4338,10.489425,9.00311504205425
December,V-Shape,77,Se-P,11.0256,10.489425,5.111576659349773
December,V-Shape,77,TCT,11.779475,10.489425,12.298576900068392
December,V-Shape,77,TSSC,11.576425,10.489425,10.362817790298323
December,V-Shape,93,Se-P,11.127225,10.489425,6.080409555337862
December,V-Shape,93,TCT,11.8878,10.489425,13.331283649961744
December,V-Shape,93,TSSC,11.6827,10.489425,11.375981047578868
February,Flat,62,Se-P,13.3028,13.4773,-1.2947697239061244
February,Flat,62,TCT,14.23345,13.4773,5.610545138863125
February,Flat,62,TSSC,13.967975,13.4773,3.640751485831729
February,Flat,77,Se-P,13.4773,13.4773,0.0
February,Flat,77,TCT,14.420375,13.4773,6.99750691904165
February,Flat,77,TSSC,14.151225,13.4773,5.000445193028281
February,Flat,93,Se-P,13.606975,13.4773,0.962173432364054
February,Flat,93,TCT,14.55995,13.4773,8.033137201071439
February,Flat,93,TSSC,14.287375,13.4773,6.010662373027247
February,Inverted-V,62,Se-P,14.393975,13.4773,6.801621986599687
February,Inverted-V,62,TCT,15.401425,13.4773,14.276783925563727
February,Inverted-V,62,TSSC,15.833075,13.4773,17.47957676982778
February,Inverted-V,77,Se-P,14.5822,13.4773,8.198229615724223
February,Inverted-V,77,TCT,15.60295,13.4773,15.772076009289696
February,Inverted-V,77,TSSC,16.0405,13.4773,19.018646168001023
February,Inverted-V,93,Se-P,14.72255,13.4773,9.239610307702586
February,Inverted-V,93,TCT,15.752275,13.4773,16.880050158414516
February,Inverted-V,93,TSSC,16.1944,13.4773,20.160566285531985
February,V-Shape,62,Se-P,13.972725,13.4773,3.6759959339036823
February,V-Shape,62,TCT,14.81045,13.4773,9.891818094128645
February,V-Shape,62,TSSC,14.81045,13.4773,9.891818094128645
February,V-Shape,77,Se-P,14.15595,13.4773,5.035504144005113
February,V-Shape,77,TCT,15.0052,13.4773,11.336840465078323
February,V-Shape,77,TSSC,15.0052,13.4773,11.336840465078323
February,V-Shape,93,Se-P,14.2924,13.4773,6.047947289145459
February,V-Shape,93,TCT,15.150175,13.4773,12.412538119653057
February,V-Shape,93,TSSC,15.150175,13.4773,12.412538119653057
January,Flat,62,Se-P,10.96885,11.1062,-1.2366966199059952
January,Flat,62,TCT,11.736575,11.1062,5.675883740613359
January,Flat,62,TSSC,11.517225,11.1062,3.700860780464969
January,Flat,77,Se-P,11.1062,11.1062,0.0
January,Flat,77,TCT,11.8836,11.1062,6.999693864688193
January,Flat,77,TSSC,11.661575,11.1062,5.000585258684336
January,Flat,93,Se-P,11.2087,11.1062,0.9229079253029923
January,Flat,93,TCT,11.993325,11.1062,7.987655543750348
January,Flat,93,TSSC,11.768975,11.1062,5.967612684806684
January,Inverted-V,62,Se-P,11.879975,11.1062,6.967054438061629
January,Inverted-V,62,TCT,12.711475,11.1062,14.453863607714618
January,Inverted-V,62,TSSC,13.067725,11.1062,17.661531396877418
January,Inverted-V,77,Se-P,12.02775,11.1062,8.297617546955752
January,Inverted-V,77,TCT,12.869825,11.1062,15.879643802560741
January,Inverted-V,77,TSSC,13.230575,11.1062,19.127829500639287
January,Inverted-V,93,Se-P,12.1378,11.1062,9.288505519439601
January,Inverted-V,93,TCT,12.9876,11.1062,16.94008751868327
January,Inverted-V,93,TSSC,13.351325,11.1062,20.215060056544992
January,V-Shape,62,Se-P,11.528525,11.1062,3.8026057517422767
January,V-Shape,62,TCT,12.3166,11.1062,10.898417100358358
January,V-Shape,62,TSSC,12.104575,11.1062,8.98934829194505
January,V-Shape,77,Se-P,11.672925,11.1062,5.102780428949595
January,V-Shape,77,TCT,12.4702,11.1062,12.281428391348983
January,V-Shape,77,TSSC,12.2559,11.1062,10.351875528983822
January,V-Shape,93,Se-P,11.779325,11.1062,6.060803875312894
January,V-Shape,93,TCT,12.58545,11.1062,13.319137058579896
January,V-Shape,93,TSSC,12.368575,11.1062,11.366398948335169
June,Flat,62,Se-P,21.73575,22.0162,-1.2738347217049348
June,Flat,62,TCT,11.62855,22.0162,-47.18184791199208
June,Flat,62,TSSC,11.41125,22.0162,-48.168848393455725
June,Flat,77,Se-P,22.0162,22.0162,0.0
June,Flat,77,TCT,11.777675,22.0162,-46.504505773021684
June,Flat,77,TSSC,11.55785,22.0162,-47.502975081985085
June,Flat,93,Se-P,11.11095,22.0162,-49.532843996693344
June,Flat,93,TCT,11.8887,22.0162,-46.000218021275245
June,Flat,93,TSSC,11.6671,22.0162,-47.00674957531273
June,Inverted-V,62,Se-P,23.54855,22.0162,6.9601021066305595
June,Inverted-V,62,TCT,12.5974,22.0162,-42.78122473451368
June,Inverted-V,62,TSSC,12.9506,22.0162,-41.17695151751892
June,Inverted-V,77,Se-P,23.84925,22.0162,8.325914553828543
June,Inverted-V,77,TCT,12.75845,22.0162,-42.04971793497516
June,Inverted-V,77,TSSC,13.116225,22.0162,-40.42466456518382
June,Inverted-V,93,Se-P,24.073,22.0162,9.342211644152936
June,Inverted-V,93,TCT,12.87765,22.0162,-41.50829843478894
June,Inverted-V,93,TSSC,13.23895,22.0162,-39.86723412759695
June,Unknown,93,Se-P,11.11095,22.0162,-49.532843996693344
June,V-Shape,62,Se-P,22.84935,22.0162,3.784258863927471
June,V-Shape,62,TCT,12.223475,22.0162,-44.479633179204406
June,V-Shape,62,TSSC,12.337775,22.0162,-43.96047001753254
June,V-Shape,77,Se-P,23.1418,22.0162,5.112598904443085
June,V-Shape,77,TCT,12.380575,22.0162,-43.766067713774405
June,V-Shape,77,TSSC,12.49585,22.0162,-43.242475994949174
June,V-Shape,93,Se-P,23.36005,22.0162,6.103914390312586
June,V-Shape,93,TCT,12.49665,22.0162,-43.23884230702846
June,V-Shape,93,TSSC,12.6136,22.0162,-42.70764255411924
March,Flat,62,Se-P,13.71335,13.895075,-1.3078374891823192
March,Flat,62,TCT,14.673175,13.895075,5.599825837571947
March,Flat,62,TSSC,14.39895,13.895075,3.6262848527265876
March,Flat,77,Se-P,13.895075,13.895075,0.0
March,Flat,77,TCT,14.86715,13.895075,6.995824059963694
March,Flat,77,TSSC,14.5894,13.895075,4.996914374337664
March,Flat,93,Se-P,14.02965,13.895075,0.968508626257864
March,Flat,93,TCT,15.011775,13.895075,8.036660471426025
March,Flat,93,TSSC,14.731275,13.895075,6.017959600793805
March,Inverted-V,62,Se-P,14.8414,13.895075,6.810506600360198
March,Inverted-V,62,TCT,15.87975,13.895075,14.283298218973265
March,Inverted-V,62,TSSC,16.3247,13.895075,17.485511952976143
March,Inverted-V,77,Se-P,15.036825,13.895075,8.216940174846124
March,Inverted-V,77,TCT,16.089525,13.895075,15.793005795218795
March,Inverted-V,77,TSSC,16.54065,13.895075,19.039659735553776
March,Inverted-V,93,Se-P,15.18205,13.895075,9.262094663037084
March,Inverted-V,93,TCT,16.244875,13.895075,16.91102782820532
March,Inverted-V,93,TSSC,16.70085,13.895075,20.19258622209667
March,V-Shape,62,Se-P,14.4055,13.895075,3.6734238570140834
March,V-Shape,62,TCT,15.269925,13.895075,9.894512983916966
March,V-Shape,62,TSSC,15.269925,13.895075,9.894512983916966
March,V-Shape,77,Se-P,14.59635,13.895075,5.046932096444237
March,V-Shape,77,TCT,15.4721,13.895075,11.349524921599912
March,V-Shape,77,TSSC,15.4721,13.895075,11.349524921599912
March,V-Shape,93,Se-P,14.737725,13.895075,6.064378925626519
March,V-Shape,93,TCT,15.622375,13.895075,12.431023222256805
March,V-Shape,93,TSSC,15.622375,13.895075,12.431023222256805
May,Flat,62,Se-P,22.8025,23.0974,-1.2767670820092387
May,Flat,62,TCT,12.1986,23.0974,-47.18626338895287
May,Flat,62,TSSC,11.970325,23.0974,-48.17457809104055
May,Flat,77,Se-P,23.0974,23.0974,0.0
May,Flat,77,TCT,12.357,23.0974,-46.50047191458779
May,Flat,77,TSSC,12.126275,23.0974,-47.49939387117165
May,Flat,93,Se-P,11.658525,23.0974,-49.52451358161525
May,Flat,93,TCT,12.474975,23.0974,-45.98970013940963
May,Flat,93,TSSC,12.2416,23.0974,-47.00009524881589
May,Inverted-V,62,Se-P,24.6927,23.0974,6.90683799908214
May,Inverted-V,62,TCT,13.209975,23.0974,-42.80752379055651
May,Inverted-V,62,TSSC,13.5804,23.0974,-41.20377185310901
May,Inverted-V,77,Se-P,25.011400000000002,23.0974,8.28664698191139
May,Inverted-V,77,TCT,13.3806,23.0974,-42.06880428100133
May,Inverted-V,77,TSSC,13.755475,23.0974,-40.445786105795456
May,Inverted-V,93,Se-P,25.24895,23.0974,9.31511771887745
May,Inverted-V,93,TCT,13.50805,23.0974,-41.51701057261856
May,Inverted-V,93,TSSC,13.8867,23.0974,-39.87764856650532
May,Unknown,93,Se-P,11.658525,23.0974,-49.52451358161525
May,V-Shape,62,Se-P,23.9634,23.0974,3.749339752526257
May,V-Shape,62,TCT,12.81995,23.0974,-44.49613376397343
May,V-Shape,62,TSSC,12.940225,23.0974,-43.975404158043766
May,V-Shape,77,Se-P,24.2752,23.0974,5.09927524310096
May,V-Shape,77,TCT,12.985975,23.0974,-43.77732991592128
May,V-Shape,77,TSSC,13.1074,23.0974,-43.251621394615846
May,V-Shape,93,Se-P,24.50415,23.0974,6.090512352039618
May,V-Shape,93,TCT,13.11,23.0974,-43.240364716375005
May,V-Shape,93,TSSC,13.2322,23.0974,-42.711300839055475
November,Flat,62,Se-P,18.55095,9.391075,97.53808802506634
November,Flat,62,TCT,19.8481,9.391075,111.35067071661122
November,Flat,62,TSSC,9.739125,9.391075,3.7061784726455578
November,Flat,77,Se-P,9.391075,9.391075,0.0
November,Flat,77,TCT,20.0954,9.391075,113.98402206350178
November,Flat,77,TSSC,9.86025,9.391075,4.995966915395734
November,Flat,93,Se-P,9.4764,9.391075,0.9085754293304995
November,Flat,93,TCT,20.2788,9.391075,115.9369401266628
November,Flat,93,TSSC,9.95045,9.391075,5.956453334682124
November,Inverted-V,62,Se-P,20.0982,9.391075,114.01383760645076
November,Inverted-V,62,TCT,10.751975,9.391075,14.491418714044974
November,Inverted-V,62,TSSC,11.053975,9.391075,17.707237989261067
November,Inverted-V,77,Se-P,20.34645,9.391075,116.6573049411276
November,Inverted-V,77,TCT,10.885075,9.391075,15.9087218449432
November,Inverted-V,77,TSSC,11.19075,9.391075,19.16367402027988
November,Inverted-V,93,Se-P,20.5318,9.391075,118.63098740027098
November,Inverted-V,93,TCT,10.984675,9.391075,16.969303301272735
November,Inverted-V,93,TSSC,11.291725,9.391075,20.238897037879035
November,V-Shape,62,Se-P,9.750625,9.391075,3.8286351669004737
November,V-Shape,62,TCT,10.416225,9.391075,10.916215662211194
November,V-Shape,62,TSSC,10.238225,9.391075,9.020799003308984
November,V-Shape,77,Se-P,9.871825,9.391075,5.119222240265344
November,V-Shape,77,TCT,10.545825,9.391075,12.296249364423135
November,V-Shape,77,TSSC,10.365625,9.391075,10.377406207489544
November,V-Shape,93,Se-P,9.961325,9.391075,6.072254773814496
November,V-Shape,93,TCT,10.6427,9.391075,13.327813908418351
November,V-Shape,93,TSSC,10.460075,9.391075,11.383148361609283
October,Flat,62,Se-P,10.902975,,
October,Flat,62,TCT,11.666125,,
October,Flat,77,TCT,11.81355,,
October,Flat,93,TCT,11.923375,,
October,Inverted-V,62,Se-P,11.810525,,
October,Inverted-V,77,Se-P,11.958475,,
October,Inverted-V,93,Se-P,12.06945,,
September,Flat,62,Se-P,12.3667,10.92645,13.181316896155648
September,Flat,62,TCT,13.232475,10.92645,21.10497920184506
September,Flat,62,TSSC,11.32665,10.92645,3.6626717735403527
September,Flat,77,Se-P,10.92645,10.92645,0.0
September,Flat,77,TCT,13.4058,10.92645,22.691267520557894
September,Flat,77,TSSC,11.47215,10.92645,4.994302815644589
September,Flat,93,Se-P,11.029675,10.92645,0.9447258716234306
September,Flat,93,TCT,13.5346,10.92645,23.870058436180077
September,Flat,93,TSSC,11.5808,10.92645,5.98867884811626
September,Inverted-V,62,Se-P,13.39115,10.92645,22.55718920600926
September,Inverted-V,62,TCT,12.50135,10.92645,14.413647616563471
September,Inverted-V,62,TSSC,12.852925,10.92645,17.631298363146307
September,Inverted-V,77,Se-P,13.5645,10.92645,24.143706327306667
September,Inverted-V,77,TCT,12.66145,10.92645,15.878899368047255
September,Inverted-V,77,TSSC,13.01695,10.92645,19.13247212040506
September,Inverted-V,93,Se-P,13.69415,10.92645,25.330276530803687
September,Inverted-V,93,TCT,12.781475,10.92645,16.977380576490987
September,Inverted-V,93,TSSC,13.139025,10.92645,20.249715140782225
September,V-Shape,62,Se-P,11.33745,10.92645,3.761514490067676
September,V-Shape,62,TCT,12.01815,10.92645,9.991351262303853
September,V-Shape,62,TSSC,12.01815,10.92645,9.991351262303853
September,V-Shape,77,Se-P,11.4838,10.92645,5.100924820046763
September,V-Shape,77,TCT,12.17275,10.92645,11.40626644518576
September,V-Shape,77,TSSC,12.17275,10.92645,11.40626644518576
September,V-Shape,93,Se-P,11.59195,10.92645,6.090724800827347
September,V-Shape,93,TCT,12.2875,10.92645,12.45647030828859
September,V-Shape,93,TSSC,12.2875,10.92645,12.45647030828859
