Season,Shape,Spacing_cm,Connection,Energy_kWh,Reference_Energy_kWh,Deviation_%
Autumn,Flat,62,Se-P,32.54515,10.92645,197.8565773878981
Autumn,Flat,62,TCT,34.82265,10.92645,218.7004928407671
Autumn,Flat,62,TSSC,11.32665,10.92645,3.6626717735403527
Autumn,Flat,77,Se-P,10.92645,10.92645,0.0
Autumn,Flat,77,TCT,35.26705,10.92645,222.7676875837989
Autumn,Flat,77,TSSC,11.47215,10.92645,4.994302815644589
Autumn,Flat,93,Se-P,11.029675,10.92645,0.9447258716234306
Autumn,Flat,93,TCT,35.597375,10.92645,225.79085613351083
Autumn,Flat,93,TSSC,11.5808,10.92645,5.98867884811626
Autumn,Inverted-V,62,Se-P,35.250775,10.92645,222.61873710125423
Autumn,Inverted-V,62,TCT,12.50135,10.92645,14.413647616563471
Autumn,Inverted-V,62,TSSC,12.852925,10.92645,17.631298363146307
Autumn,Inverted-V,77,Se-P,35.6962,10.92645,226.69531275025275
Autumn,Inverted-V,77,TCT,12.66145,10.92645,15.878899368047255
Autumn,Inverted-V,77,TSSC,13.01695,10.92645,19.13247212040506
Autumn,Inverted-V,93,Se-P,36.0295,10.92645,229.74570880752663
Autumn,Inverted-V,93,TCT,12.781475,10.92645,16.977380576490987
Autumn,Inverted-V,93,TSSC,13.139025,10.92645,20.249715140782225
Autumn,V-Shape,62,Se-P,11.33745,10.92645,3.761514490067676
Autumn,V-Shape,62,TCT,12.01815,10.92645,9.991351262303853
Autumn,V-Shape,62,TSSC,12.01815,10.92645,9.991351262303853
Autumn,V-Shape,77,Se-P,11.4838,10.92645,5.100924820046763
Autumn,V-Shape,77,TCT,12.17275,10.92645,11.40626644518576
Autumn,V-Shape,77,TSSC,12.17275,10.92645,11.40626644518576
Autumn,V-Shape,93,Se-P,11.59195,10.92645,6.090724800827347
Autumn,V-Shape,93,TCT,12.2875,10.92645,12.45647030828859
Autumn,V-Shape,93,TSSC,12.2875,10.92645,12.45647030828859
Spring,Flat,62,Se-P,52.52735,53.216075000000004,-1.2942048055968147
Spring,Flat,62,TCT,42.55495,53.216075000000004,-20.033655244209584
Spring,Flat,62,TSSC,41.7604,53.216075000000004,-21.526719135148554
Spring,Flat,77,Se-P,53.216075000000004,53.216075000000004,0.0
Spring,Flat,77,TCT,43.113925,53.216075000000004,-18.983267743816132
Spring,Flat,77,TSSC,42.308525,53.216075000000004,-20.496720210951295
Spring,Flat,93,Se-P,40.68205,53.216075000000004,-23.55308053064794
Spring,Flat,93,TCT,43.530075,53.216075000000004,-18.201267192291063
Spring,Flat,93,TSSC,42.716575,53.216075000000004,-19.72994062414412
Spring,Inverted-V,62,Se-P,56.853925,53.216075000000004,6.835998333210394
Spring,Inverted-V,62,TCT,46.0573,53.216075000000004,-13.452279222020799
Spring,Inverted-V,62,TSSC,47.3493,53.216075000000004,-11.024441392943775
Spring,Inverted-V,77,Se-P,57.596625,53.216075000000004,8.231629258640362
Spring,Inverted-V,77,TCT,46.66035,53.216075000000004,-12.319069003116073
Spring,Inverted-V,77,TSSC,47.969225,53.216075000000004,-9.859520830876765
Spring,Inverted-V,93,Se-P,58.1491,53.216075000000004,9.269802404630543
Spring,Inverted-V,93,TCT,47.10835,53.216075000000004,-11.477218115015061
Spring,Inverted-V,93,TSSC,48.4293,53.216075000000004,-8.994979430557413
Spring,V-Shape,62,Se-P,55.184325,53.216075000000004,3.698600469876814
Spring,V-Shape,62,TCT,44.2876,53.216075000000004,-16.777778143164458
Spring,V-Shape,62,TSSC,44.2876,53.216075000000004,-16.777778143164458
Spring,V-Shape,77,Se-P,55.9065,53.216075000000004,5.055662222364196
Spring,V-Shape,77,TCT,44.86955,53.216075000000004,-15.684217597784139
Spring,V-Shape,77,TSSC,44.86955,53.216075000000004,-15.684217597784139
Spring,V-Shape,93,Se-P,56.443325,53.216075000000004,6.064426961214253
Spring,V-Shape,93,TCT,45.301375,53.216075000000004,-14.87276166083275
Spring,V-Shape,93,TSSC,45.301375,53.216075000000004,-14.87276166083275
Summer,Flat,62,Se-P,57.29385,58.03545,-1.277839665239088
Summer,Flat,62,TCT,37.475475,58.03545,-35.42657978873257
Summer,Flat,62,TSSC,36.77505,58.03545,-36.63347143857762
Summer,Flat,77,Se-P,58.03545,58.03545,0.0
Summer,Flat,77,TCT,37.961075,58.03545,-34.58984982454689
Summer,Flat,77,TSSC,37.252025,58.03545,-35.81160308053094
Summer,Flat,93,Se-P,35.8149,58.03545,-38.287891280243365
Summer,Flat,93,TCT,38.322025000000004,58.03545,-33.96790237690928
Summer,Flat,93,TSSC,37.606625,58.03545,-35.200597221181184
Summer,Inverted-V,62,Se-P,62.050625,58.03545,6.9184868903403
Summer,Inverted-V,62,TCT,40.5835,58.03545,-30.0711892472618
Summer,Inverted-V,62,TSSC,41.722525,58.03545,-28.108552617408844
Summer,Inverted-V,77,Se-P,62.84955,58.03545,8.295102390004736
Summer,Inverted-V,77,TCT,41.106925,58.03545,-29.169283601660712
Summer,Inverted-V,77,TSSC,42.259775,58.03545,-27.182825324866094
Summer,Inverted-V,93,Se-P,63.4443,58.03545,9.319907056807523
Summer,Inverted-V,93,TCT,41.4969,58.03545,-28.497323618581405
Summer,Inverted-V,93,TSSC,42.6597,58.03545,-26.493720648327873
Summer,Unknown,93,Se-P,35.8149,58.03545,-38.287891280243365
Summer,V-Shape,62,Se-P,60.21585,58.03545,3.757014031940833
Summer,V-Shape,62,TCT,39.385,58.03545,-32.13630634379504
Summer,V-Shape,62,TSSC,39.75315,58.03545,-31.50195268581531
Summer,V-Shape,77,Se-P,60.99415,58.03545,5.098090908229367
Summer,V-Shape,77,TCT,39.894175,58.03545,-31.258954656162746
Summer,V-Shape,77,TSSC,40.266925,58.03545,-30.616674808242202
Summer,V-Shape,93,Se-P,61.57085,58.03545,6.091793894938357
Summer,V-Shape,93,TCT,40.272875,58.03545,-30.606422453862248
Summer,V-Shape,93,TSSC,40.6499,58.03545,-29.95677641855107
Winter,Flat,62,Se-P,30.6041,30.9867,-1.2347232845059335
Winter,Flat,62,TCT,32.7454,30.9867,5.6756608480412485
Winter,Flat,62,TSSC,32.134425,30.9867,3.7039278141912537
Winter,Flat,77,Se-P,30.9867,30.9867,0.0
Winter,Flat,77,TCT,33.155375,30.9867,6.99872848673786
Winter,Flat,77,TSSC,32.535825,30.9867,4.999322289885672
Winter,Flat,93,Se-P,31.27175,30.9867,0.9199108004401947
Winter,Flat,93,TCT,33.459825,30.9867,7.981246792978934
Winter,Flat,93,TSSC,32.834575,30.9867,5.963445607308949
Winter,Inverted-V,62,Se-P,33.151025,30.9867,6.984690205797965
Winter,Inverted-V,62,TCT,35.471,30.9867,14.47169269396224
Winter,Inverted-V,62,TSSC,36.4654,30.9867,17.680811444910248
Winter,Inverted-V,77,Se-P,33.562625,30.9867,8.313002029903146
Winter,Inverted-V,77,TCT,35.91175,30.9867,15.894077136319773
Winter,Inverted-V,77,TSSC,36.91915,30.9867,19.1451493705364
Winter,Inverted-V,93,Se-P,33.868925,30.9867,9.301490639532439
Winter,Inverted-V,93,TCT,36.240175,30.9867,16.95396734728126
Winter,Inverted-V,93,TSSC,37.25475,30.9867,20.228194677071137
Winter,V-Shape,62,Se-P,32.16825,30.9867,3.8130875504652044
Winter,V-Shape,62,TCT,34.36605,30.9867,10.905807975679895
Winter,V-Shape,62,TSSC,33.7766,30.9867,9.003540228549678
Winter,V-Shape,77,Se-P,32.57035,30.9867,5.110741059874071
Winter,V-Shape,77,TCT,34.7955,30.9867,12.29172515950391
Winter,V-Shape,77,TSSC,34.19795,30.9867,10.363317165106318
Winter,V-Shape,93,Se-P,32.867875,30.9867,6.070911068297041
Winter,V-Shape,93,TCT,35.11595,30.9867,13.325878522075596
Winter,V-Shape,93,TSSC,34.51135,30.9867,11.37471883098233
