Date,Time,ISO_Week,Month,Shape,Spacing_cm,Connection,Irradiation_Wm2,AmbientTemp_C,CellTemp_C,Voc_V,Isc_A,Vm_V,Im_A,Pm_W,FF
2024-02-26,05:15,9,February,Flat,93,Se-P,8.48,23.92,21.13,84.55,0.01,67.64,0.01,0.71,0.67
2024-02-26,05:30,9,February,Flat,93,Se-P,16.96,24.12,21.54,84.42,0.02,67.54,0.02,1.41,0.67
2024-02-26,05:45,9,February,Flat,93,Se-P,25.44,24.31,21.94,84.3,0.04,67.44,0.03,2.11,0.67
2024-02-26,06:00,9,February,Flat,93,Se-P,33.92,24.5,22.35,84.17,0.05,67.33,0.04,2.82,0.67
2024-02-26,06:15,9,February,Flat,93,Se-P,73.66,25.08,23.92,83.67,0.11,66.94,0.09,6.09,0.67
2024-02-26,06:30,9,February,Flat,93,Se-P,113.4,25.66,25.49,83.17,0.17,66.54,0.14,9.33,0.67
2024-02-26,06:45,9,February,Flat,93,Se-P,153.14,26.23,27.06,82.68,0.23,66.14,0.19,12.55,0.67
2024-02-26,07:00,9,February,Flat,93,Se-P,192.88,26.81,28.63,82.18,0.29,65.74,0.24,15.73,0.67
2024-02-26,07:15,9,February,Flat,93,Se-P,245.56,27.45,30.59,81.56,0.36,65.25,0.31,19.92,0.67
2024-02-26,07:30,9,February,Flat,93,Se-P,298.23,28.09,32.54,80.94,0.44,64.75,0.37,24.05,0.67
2024-02-26,07:45,9,February,Flat,93,Se-P,350.9,28.72,34.5,80.32,0.52,64.26,0.44,28.14,0.67
2024-02-26,08:00,9,February,Flat,93,Se-P,403.58,29.36,36.45,79.7,0.6,63.76,0.5,32.17,0.67
2024-02-26,08:15,9,February,Flat,93,Se-P,448.3,29.95,38.15,79.16,0.67,63.33,0.56,35.56,0.67
2024-02-26,08:30,9,February,Flat,93,Se-P,493.01,30.54,39.86,78.62,0.74,62.9,0.62,38.9,0.67
2024-02-26,08:45,9,February,Flat,93,Se-P,537.73,31.12,41.57,78.08,0.81,62.47,0.68,42.21,0.67
2024-02-26,09:00,9,February,Flat,93,Se-P,582.45,31.71,43.27,77.54,0.88,62.03,0.73,45.48,0.67
2024-02-26,09:15,9,February,Flat,93,Se-P,614.94,32.23,44.6,77.12,0.93,61.7,0.78,47.82,0.67
2024-02-26,09:30,9,February,Flat,93,Se-P,647.42,32.75,45.93,76.7,0.98,61.36,0.82,50.14,0.67
2024-02-26,09:45,9,February,Flat,93,Se-P,679.91,33.26,47.26,76.28,1.03,61.02,0.86,52.43,0.67
2024-02-26,10:00,9,February,Flat,93,Se-P,712.4,33.78,48.59,75.86,1.08,60.69,0.9,54.7,0.67
2024-02-26,10:15,9,February,Flat,93,Se-P,730.12,34.19,49.44,75.59,1.1,60.47,0.92,55.91,0.67
2024-02-26,10:30,9,February,Flat,93,Se-P,747.85,34.6,50.3,75.32,1.13,60.25,0.95,57.11,0.67
2024-02-26,10:45,9,February,Flat,93,Se-P,765.57,35.01,51.15,75.05,1.16,60.04,0.97,58.3,0.67
2024-02-26,11:00,9,February,Flat,93,Se-P,783.3,35.42,52.0,74.78,1.19,59.82,0.99,59.49,0.67
2024-02-26,11:15,9,February,Flat,93,Se-P,794.5,35.67,52.53,74.61,1.2,59.69,1.01,60.24,0.67
2024-02-26,11:30,9,February,Flat,93,Se-P,805.71,35.92,53.06,74.44,1.22,59.55,1.02,60.98,0.67
2024-02-26,11:45,9,February,Flat,93,Se-P,816.91,36.17,53.59,74.27,1.24,59.42,1.04,61.72,0.67
2024-02-26,12:00,9,February,Flat,93,Se-P,828.12,36.42,54.12,74.11,1.26,59.29,1.05,62.46,0.67
2024-02-26,12:15,9,February,Flat,93,Se-P,789.73,36.5,53.24,74.39,1.2,59.51,1.0,59.73,0.67
2024-02-26,12:30,9,February,Flat,93,Se-P,751.34,36.58,52.36,74.67,1.14,59.73,0.95,56.99,0.67
2024-02-26,12:45,9,February,Flat,93,Se-P,712.94,36.65,51.48,74.94,1.08,59.96,0.9,54.24,0.67
2024-02-26,13:00,9,February,Flat,93,Se-P,674.55,36.73,50.59,75.22,1.02,60.18,0.86,51.46,0.67
2024-02-26,13:15,9,February,Flat,93,Se-P,675.21,36.6,50.48,75.26,1.02,60.21,0.86,51.53,0.67
2024-02-26,13:30,9,February,Flat,93,Se-P,675.88,36.47,50.36,75.3,1.02,60.24,0.86,51.6,0.67
2024-02-26,13:45,9,February,Flat,93,Se-P,676.54,36.33,50.25,75.33,1.02,60.27,0.86,51.67,0.67
2024-02-26,14:00,9,February,Flat,93,Se-P,677.2,36.2,50.13,75.37,1.02,60.3,0.86,51.74,0.67
2024-02-26,14:15,9,February,Flat,93,Se-P,633.26,35.92,48.75,75.81,0.96,60.65,0.8,48.6,0.67
2024-02-26,14:30,9,February,Flat,93,Se-P,589.33,35.65,47.38,76.24,0.89,60.99,0.74,45.43,0.67
2024-02-26,14:45,9,February,Flat,93,Se-P,545.39,35.37,46.0,76.68,0.82,61.34,0.69,42.22,0.67
2024-02-26,15:00,9,February,Flat,93,Se-P,501.45,35.09,44.63,77.11,0.75,61.69,0.63,38.99,0.67
2024-02-26,15:15,9,February,Flat,93,Se-P,441.88,34.67,42.71,77.72,0.66,62.18,0.56,34.56,0.67
2024-02-26,15:30,9,February,Flat,93,Se-P,382.31,34.25,40.8,78.32,0.57,62.66,0.48,30.08,0.67
2024-02-26,15:45,9,February,Flat,93,Se-P,322.74,33.82,38.89,78.93,0.48,63.14,0.4,25.54,0.67
2024-02-26,16:00,9,February,Flat,93,Se-P,263.17,33.4,36.98,79.53,0.39,63.63,0.33,20.95,0.67
2024-02-26,16:15,9,February,Flat,93,Se-P,210.53,32.89,35.16,80.11,0.31,64.09,0.26,16.85,0.67
2024-02-26,16:30,9,February,Flat,93,Se-P,157.9,32.39,33.34,80.69,0.23,64.55,0.2,12.7,0.67
2024-02-26,16:45,9,February,Flat,93,Se-P,105.26,31.88,31.52,81.26,0.16,65.01,0.13,8.51,0.67
2024-02-26,17:00,9,February,Flat,93,Se-P,52.62,31.38,29.7,81.84,0.08,65.47,0.07,4.28,0.67
2024-02-26,17:15,9,February,Flat,93,Se-P,39.46,31.02,29.01,82.06,0.06,65.65,0.05,3.22,0.67
2024-02-26,17:30,9,February,Flat,93,Se-P,26.31,30.66,28.32,82.28,0.04,65.82,0.03,2.15,0.67
2024-02-26,17:45,9,February,Flat,93,Se-P,13.16,30.31,27.64,82.49,0.02,65.99,0.02,1.08,0.67
2024-02-27,05:15,9,February,Flat,93,Se-P,10.22,24.91,22.16,84.23,0.02,67.38,0.01,0.85,0.67
2024-02-27,05:30,9,February,Flat,93,Se-P,20.45,25.09,22.6,84.09,0.03,67.27,0.03,1.7,0.67
2024-02-27,05:45,9,February,Flat,93,Se-P,30.67,25.26,23.03,83.95,0.05,67.16,0.04,2.54,0.67
2024-02-27,06:00,9,February,Flat,93,Se-P,40.9,25.44,23.46,83.81,0.06,67.05,0.05,3.38,0.67
2024-02-27,06:15,9,February,Flat,93,Se-P,90.16,25.93,25.18,83.27,0.13,66.62,0.11,7.43,0.67
2024-02-27,06:30,9,February,Flat,93,Se-P,139.41,26.41,26.9,82.73,0.21,66.18,0.17,11.43,0.67
2024-02-27,06:45,9,February,Flat,93,Se-P,188.67,26.9,28.62,82.18,0.28,65.75,0.23,15.39,0.67
2024-02-27,07:00,9,February,Flat,93,Se-P,237.93,27.39,30.34,81.64,0.35,65.31,0.3,19.31,0.67
2024-02-27,07:15,9,February,Flat,93,Se-P,296.01,27.88,32.28,81.02,0.44,64.82,0.37,23.89,0.67
2024-02-27,07:30,9,February,Flat,93,Se-P,354.09,28.36,34.21,80.41,0.53,64.33,0.44,28.42,0.67
2024-02-27,07:45,9,February,Flat,93,Se-P,412.17,28.84,36.15,79.8,0.62,63.84,0.52,32.89,0.67
2024-02-27,08:00,9,February,Flat,93,Se-P,470.25,29.33,38.09,79.18,0.7,63.35,0.59,37.31,0.67
2024-02-27,08:15,9,February,Flat,93,Se-P,521.1,29.88,39.91,78.61,0.78,62.88,0.65,41.11,0.67
2024-02-27,08:30,9,February,Flat,93,Se-P,571.95,30.44,41.74,78.03,0.86,62.42,0.72,44.87,0.67
2024-02-27,08:45,9,February,Flat,93,Se-P,622.8,31.0,43.56,77.45,0.94,61.96,0.78,48.59,0.67
2024-02-27,09:00,9,February,Flat,93,Se-P,673.65,31.55,45.39,76.87,1.01,61.5,0.85,52.25,0.67
2024-02-27,09:15,9,February,Flat,93,Se-P,701.76,32.07,46.61,76.48,1.06,61.19,0.89,54.23,0.67
2024-02-27,09:30,9,February,Flat,93,Se-P,729.87,32.59,47.83,76.1,1.1,60.88,0.92,56.18,0.67
2024-02-27,09:45,9,February,Flat,93,Se-P,757.97,33.1,49.05,75.71,1.15,60.57,0.96,58.12,0.67
2024-02-27,10:00,9,February,Flat,93,Se-P,786.08,33.62,50.27,75.33,1.19,60.26,1.0,60.04,0.67
2024-02-27,10:15,9,February,Flat,93,Se-P,802.69,34.02,51.09,75.07,1.22,60.05,1.02,61.14,0.67
2024-02-27,10:30,9,February,Flat,93,Se-P,819.29,34.42,51.91,74.81,1.24,59.85,1.04,62.24,0.67
2024-02-27,10:45,9,February,Flat,93,Se-P,835.89,34.83,52.72,74.55,1.27,59.64,1.06,63.33,0.67
2024-02-27,11:00,9,February,Flat,93,Se-P,852.5,35.23,53.54,74.29,1.29,59.43,1.08,64.42,0.67
2024-02-27,11:15,9,February,Flat,93,Se-P,857.26,35.48,53.92,74.17,1.3,59.34,1.09,64.7,0.67
2024-02-27,11:30,9,February,Flat,93,Se-P,862.01,35.74,54.29,74.05,1.31,59.24,1.1,64.98,0.67
2024-02-27,11:45,9,February,Flat,93,Se-P,866.77,35.99,54.66,73.93,1.32,59.15,1.1,65.25,0.67
2024-02-27,12:00,9,February,Flat,93,Se-P,871.53,36.25,55.04,73.82,1.33,59.05,1.11,65.53,0.67
2024-02-27,12:15,9,February,Flat,93,Se-P,847.59,36.33,54.52,73.98,1.29,59.18,1.08,63.84,0.67
2024-02-27,12:30,9,February,Flat,93,Se-P,823.64,36.41,54.0,74.14,1.25,59.32,1.05,62.14,0.67
2024-02-27,12:45,9,February,Flat,93,Se-P,799.69,36.49,53.48,74.31,1.21,59.45,1.02,60.44,0.67
2024-02-27,13:00,9,February,Flat,93,Se-P,775.75,36.57,52.96,74.47,1.18,59.58,0.99,58.73,0.67
2024-02-27,13:15,9,February,Flat,93,Se-P,743.12,36.46,52.04,74.77,1.13,59.81,0.94,56.43,0.67
2024-02-27,13:30,9,February,Flat,93,Se-P,710.49,36.34,51.11,75.06,1.08,60.05,0.9,54.12,0.67
2024-02-27,13:45,9,February,Flat,93,Se-P,677.85,36.23,50.18,75.36,1.03,60.28,0.86,51.79,0.67
2024-02-27,14:00,9,February,Flat,93,Se-P,645.22,36.12,49.25,75.65,0.98,60.52,0.82,49.44,0.67
2024-02-27,14:15,9,February,Flat,93,Se-P,600.32,35.83,47.84,76.1,0.91,60.88,0.76,46.21,0.67
2024-02-27,14:30,9,February,Flat,93,Se-P,555.41,35.55,46.43,76.54,0.84,61.23,0.7,42.94,0.67
2024-02-27,14:45,9,February,Flat,93,Se-P,510.5,35.26,45.02,76.99,0.77,61.59,0.64,39.65,0.67
2024-02-27,15:00,9,February,Flat,93,Se-P,465.6,34.97,43.61,77.44,0.7,61.95,0.59,36.32,0.67
2024-02-27,15:15,9,February,Flat,93,Se-P,409.15,34.55,41.78,78.01,0.61,62.41,0.51,32.1,0.67
2024-02-27,15:30,9,February,Flat,93,Se-P,352.7,34.14,39.96,78.59,0.53,62.87,0.44,27.82,0.67
2024-02-27,15:45,9,February,Flat,93,Se-P,296.25,33.73,38.13,79.17,0.44,63.34,0.37,23.5,0.67
2024-02-27,16:00,9,February,Flat,93,Se-P,239.8,33.31,36.31,79.75,0.36,63.8,0.3,19.13,0.67
2024-02-27,16:15,9,February,Flat,93,Se-P,191.98,32.81,34.61,80.28,0.29,64.23,0.24,15.39,0.67
2024-02-27,16:30,9,February,Flat,93,Se-P,144.15,32.31,32.92,80.82,0.21,64.66,0.18,11.61,0.67
2024-02-27,16:45,9,February,Flat,93,Se-P,96.32,31.82,31.23,81.36,0.14,65.09,0.12,7.8,0.67
2024-02-27,17:00,9,February,Flat,93,Se-P,48.5,31.32,29.53,81.89,0.07,65.51,0.06,3.95,0.67
2024-02-27,17:15,9,February,Flat,93,Se-P,36.38,30.92,28.83,82.11,0.05,65.69,0.05,2.97,0.67
2024-02-27,17:30,9,February,Flat,93,Se-P,24.25,30.52,28.13,82.34,0.04,65.87,0.03,1.98,0.67
2024-02-27,17:45,9,February,Flat,93,Se-P,12.12,30.13,27.43,82.56,0.02,66.05,0.02,0.99,0.67
2024-02-28,05:15,9,February,Flat,93,Se-P,11.61,24.07,21.36,84.48,0.02,67.58,0.01,0.97,0.67
2024-02-28,05:30,9,February,Flat,93,Se-P,23.23,24.26,21.84,84.33,0.03,67.46,0.03,1.93,0.67
2024-02-28,05:45,9,February,Flat,93,Se-P,34.84,24.44,22.31,84.18,0.05,67.34,0.04,2.89,0.67
2024-02-28,06:00,9,February,Flat,93,Se-P,46.45,24.62,22.78,84.03,0.07,67.22,0.06,3.85,0.67
2024-02-28,06:15,9,February,Flat,93,Se-P,102.34,25.29,24.84,83.38,0.15,66.7,0.13,8.44,0.67
2024-02-28,06:30,9,February,Flat,93,Se-P,158.23,25.95,26.91,82.72,0.23,66.18,0.2,12.97,0.67
2024-02-28,06:45,9,February,Flat,93,Se-P,214.11,26.62,28.97,82.07,0.32,65.66,0.27,17.45,0.67
2024-02-28,07:00,9,February,Flat,93,Se-P,270.0,27.28,31.03,81.42,0.4,65.13,0.34,21.87,0.67
2024-02-28,07:15,9,February,Flat,93,Se-P,332.51,27.91,33.22,80.73,0.49,64.58,0.41,26.76,0.67
2024-02-28,07:30,9,February,Flat,93,Se-P,395.01,28.54,35.41,80.03,0.59,64.03,0.49,31.59,0.67
2024-02-28,07:45,9,February,Flat,93,Se-P,457.52,29.16,37.6,79.34,0.68,63.47,0.57,36.35,0.67
2024-02-28,08:00,9,February,Flat,93,Se-P,520.03,29.79,39.79,78.64,0.78,62.92,0.65,41.04,0.67
2024-02-28,08:15,9,February,Flat,93,Se-P,567.67,30.38,41.57,78.08,0.85,62.47,0.71,44.56,0.67
2024-02-28,08:30,9,February,Flat,93,Se-P,615.31,30.96,43.34,77.52,0.92,62.02,0.77,48.04,0.67
2024-02-28,08:45,9,February,Flat,93,Se-P,662.94,31.55,45.12,76.96,1.0,61.57,0.84,51.47,0.67
2024-02-28,09:00,9,February,Flat,93,Se-P,710.58,32.13,46.89,76.4,1.07,61.12,0.9,54.86,0.67
2024-02-28,09:15,9,February,Flat,93,Se-P,741.99,32.65,48.19,75.98,1.12,60.79,0.94,57.05,0.67
2024-02-28,09:30,9,February,Flat,93,Se-P,773.39,33.16,49.49,75.57,1.17,60.46,0.98,59.21,0.67
2024-02-28,09:45,9,February,Flat,93,Se-P,804.8,33.67,50.79,75.16,1.22,60.13,1.02,61.36,0.67
2024-02-28,10:00,9,February,Flat,93,Se-P,836.2,34.19,52.09,74.75,1.27,59.8,1.06,63.49,0.67
2024-02-28,10:15,9,February,Flat,93,Se-P,851.57,34.6,52.89,74.5,1.29,59.6,1.08,64.49,0.67
2024-02-28,10:30,9,February,Flat,93,Se-P,866.93,35.0,53.68,74.25,1.32,59.4,1.1,65.48,0.67
2024-02-28,10:45,9,February,Flat,93,Se-P,882.3,35.41,54.47,74.0,1.34,59.2,1.12,66.47,0.67
2024-02-28,11:00,9,February,Flat,93,Se-P,897.67,35.82,55.26,73.75,1.37,59.0,1.14,67.45,0.67
2024-02-28,11:15,9,February,Flat,93,Se-P,898.0,36.08,55.53,73.66,1.37,58.93,1.14,67.41,0.67
2024-02-28,11:30,9,February,Flat,93,Se-P,898.34,36.34,55.79,73.58,1.37,58.86,1.14,67.38,0.67
2024-02-28,11:45,9,February,Flat,93,Se-P,898.67,36.59,56.06,73.49,1.37,58.79,1.15,67.34,0.67
2024-02-28,12:00,9,February,Flat,93,Se-P,899.0,36.85,56.33,73.41,1.37,58.73,1.15,67.31,0.67
2024-02-28,12:15,9,February,Flat,93,Se-P,865.65,36.95,55.59,73.64,1.32,58.91,1.1,64.97,0.67
2024-02-28,12:30,9,February,Flat,93,Se-P,832.3,37.04,54.85,73.88,1.27,59.1,1.06,62.62,0.67
2024-02-28,12:45,9,February,Flat,93,Se-P,798.95,37.13,54.11,74.11,1.21,59.29,1.02,60.26,0.67
2024-02-28,13:00,9,February,Flat,93,Se-P,765.6,37.23,53.37,74.34,1.16,59.48,0.97,57.88,0.67
2024-02-28,13:15,9,February,Flat,93,Se-P,752.0,37.14,52.94,74.48,1.14,59.58,0.96,56.94,0.67
2024-02-28,13:30,9,February,Flat,93,Se-P,738.41,37.05,52.51,74.62,1.12,59.69,0.94,55.99,0.67
2024-02-28,13:45,9,February,Flat,93,Se-P,724.82,36.96,52.08,74.75,1.1,59.8,0.92,55.03,0.67
2024-02-28,14:00,9,February,Flat,93,Se-P,711.22,36.87,51.65,74.89,1.08,59.91,0.9,54.08,0.67
2024-02-28,14:15,9,February,Flat,93,Se-P,660.91,36.6,50.12,75.37,1.0,60.3,0.84,50.5,0.67
2024-02-28,14:30,9,February,Flat,93,Se-P,610.61,36.33,48.59,75.86,0.92,60.69,0.77,46.89,0.67
2024-02-28,14:45,9,February,Flat,93,Se-P,560.31,36.05,47.06,76.34,0.85,61.07,0.71,43.23,0.67
2024-02-28,15:00,9,February,Flat,93,Se-P,510.0,35.78,45.53,76.83,0.77,61.46,0.64,39.54,0.67
2024-02-28,15:15,9,February,Flat,93,Se-P,446.84,35.34,43.51,77.47,0.67,61.97,0.56,34.86,0.67
2024-02-28,15:30,9,February,Flat,93,Se-P,383.68,34.91,41.5,78.1,0.58,62.48,0.48,30.12,0.67
2024-02-28,15:45,9,February,Flat,93,Se-P,320.51,34.47,39.48,78.74,0.48,62.99,0.4,25.32,0.67
2024-02-28,16:00,9,February,Flat,93,Se-P,257.35,34.03,37.46,79.38,0.38,63.51,0.32,20.45,0.67
2024-02-28,16:15,9,February,Flat,93,Se-P,206.1,33.45,35.6,79.97,0.31,63.98,0.26,16.47,0.67
2024-02-28,16:30,9,February,Flat,93,Se-P,154.85,32.86,33.73,80.56,0.23,64.45,0.19,12.44,0.67
2024-02-28,16:45,9,February,Flat,93,Se-P,103.6,32.27,31.86,81.15,0.15,64.92,0.13,8.37,0.67
2024-02-28,17:00,9,February,Flat,93,Se-P,52.35,31.69,30.0,81.75,0.08,65.4,0.07,4.25,0.67
2024-02-28,17:15,9,February,Flat,93,Se-P,39.26,31.22,29.2,82.0,0.06,65.6,0.05,3.2,0.67
2024-02-28,17:30,9,February,Flat,93,Se-P,26.18,30.75,28.4,82.25,0.04,65.8,0.03,2.14,0.67
2024-02-28,17:45,9,February,Flat,93,Se-P,13.09,30.27,27.6,82.5,0.02,66.0,0.02,1.07,0.67
2024-02-29,05:15,9,February,Flat,93,Se-P,11.56,23.75,21.04,84.58,0.02,67.67,0.01,0.96,0.67
2024-02-29,05:30,9,February,Flat,93,Se-P,23.12,23.96,21.54,84.42,0.03,67.54,0.03,1.92,0.67
2024-02-29,05:45,9,February,Flat,93,Se-P,34.69,24.18,22.05,84.26,0.05,67.41,0.04,2.88,0.67
2024-02-29,06:00,9,February,Flat,93,Se-P,46.25,24.4,22.56,84.1,0.07,67.28,0.06,3.84,0.67
2024-02-29,06:15,9,February,Flat,93,Se-P,100.88,25.02,24.54,83.47,0.15,66.78,0.12,8.32,0.67
2024-02-29,06:30,9,February,Flat,93,Se-P,155.51,25.64,26.53,82.84,0.23,66.28,0.19,12.76,0.67
2024-02-29,06:45,9,February,Flat,93,Se-P,210.14,26.26,28.51,82.22,0.31,65.77,0.26,17.15,0.67
2024-02-29,07:00,9,February,Flat,93,Se-P,264.77,26.88,30.5,81.59,0.39,65.27,0.33,21.48,0.67
2024-02-29,07:15,9,February,Flat,93,Se-P,326.36,27.55,32.71,80.89,0.49,64.71,0.41,26.31,0.67
2024-02-29,07:30,9,February,Flat,93,Se-P,387.94,28.21,34.91,80.19,0.58,64.15,0.48,31.07,0.67
2024-02-29,07:45,9,February,Flat,93,Se-P,449.53,28.88,37.12,79.49,0.67,63.59,0.56,35.77,0.67
2024-02-29,08:00,9,February,Flat,93,Se-P,511.12,29.55,39.33,78.79,0.77,63.03,0.64,40.4,0.67
2024-02-29,08:15,9,February,Flat,93,Se-P,565.4,30.18,41.31,78.16,0.85,62.53,0.71,44.42,0.67
2024-02-29,08:30,9,February,Flat,93,Se-P,619.68,30.8,43.3,77.53,0.93,62.03,0.78,48.38,0.67
2024-02-29,08:45,9,February,Flat,93,Se-P,673.97,31.43,45.28,76.91,1.01,61.52,0.85,52.3,0.67
2024-02-29,09:00,9,February,Flat,93,Se-P,728.25,32.06,47.27,76.28,1.1,61.02,0.92,56.16,0.67
2024-02-29,09:15,9,February,Flat,93,Se-P,767.31,32.58,48.77,75.8,1.16,60.64,0.97,58.89,0.67
2024-02-29,09:30,9,February,Flat,93,Se-P,806.36,33.11,50.26,75.33,1.22,60.26,1.02,61.59,0.67
2024-02-29,09:45,9,February,Flat,93,Se-P,845.41,33.63,51.76,74.85,1.28,59.88,1.07,64.26,0.67
2024-02-29,10:00,9,February,Flat,93,Se-P,884.47,34.15,53.26,74.38,1.34,59.5,1.12,66.9,0.67
2024-02-29,10:15,9,February,Flat,93,Se-P,900.88,34.52,54.05,74.13,1.37,59.3,1.15,67.96,0.67
2024-02-29,10:30,9,February,Flat,93,Se-P,917.3,34.9,54.83,73.88,1.39,59.11,1.17,69.02,0.67
2024-02-29,10:45,9,February,Flat,93,Se-P,933.71,35.27,55.62,73.63,1.42,58.91,1.19,70.07,0.67
2024-02-29,11:00,9,February,Flat,93,Se-P,950.12,35.65,56.4,73.38,1.45,58.71,1.21,71.12,0.67
2024-02-29,11:15,9,February,Flat,93,Se-P,933.46,35.89,56.23,73.44,1.42,58.75,1.19,69.91,0.67
2024-02-29,11:30,9,February,Flat,93,Se-P,916.8,36.13,56.05,73.5,1.4,58.8,1.17,68.7,0.67
2024-02-29,11:45,9,February,Flat,93,Se-P,900.13,36.37,55.87,73.55,1.37,58.84,1.15,67.49,0.67
2024-02-29,12:00,9,February,Flat,93,Se-P,883.47,36.61,55.7,73.61,1.34,58.89,1.13,66.28,0.67
2024-02-29,12:15,9,February,Flat,93,Se-P,874.46,36.68,55.54,73.66,1.33,58.93,1.11,65.64,0.67
2024-02-29,12:30,9,February,Flat,93,Se-P,865.44,36.75,55.39,73.71,1.32,58.97,1.1,65.0,0.67
2024-02-29,12:45,9,February,Flat,93,Se-P,856.43,36.82,55.23,73.76,1.3,59.0,1.09,64.36,0.67
2024-02-29,13:00,9,February,Flat,93,Se-P,847.42,36.89,55.08,73.8,1.29,59.04,1.08,63.71,0.67
2024-02-29,13:15,9,February,Flat,93,Se-P,808.02,36.8,54.01,74.14,1.23,59.31,1.03,60.96,0.67
2024-02-29,13:30,9,February,Flat,93,Se-P,768.62,36.72,52.94,74.48,1.17,59.59,0.98,58.2,0.67
2024-02-29,13:45,9,February,Flat,93,Se-P,729.23,36.63,51.87,74.82,1.11,59.86,0.93,55.41,0.67
2024-02-29,14:00,9,February,Flat,93,Se-P,689.83,36.55,50.8,75.16,1.04,60.13,0.87,52.6,0.67
2024-02-29,14:15,9,February,Flat,93,Se-P,640.37,36.29,49.3,75.63,0.97,60.51,0.81,49.06,0.67
2024-02-29,14:30,9,February,Flat,93,Se-P,590.91,36.02,47.8,76.11,0.89,60.89,0.75,45.49,0.67
2024-02-29,14:45,9,February,Flat,93,Se-P,541.46,35.76,46.3,76.58,0.82,61.27,0.68,41.88,0.67
2024-02-29,15:00,9,February,Flat,93,Se-P,492.0,35.5,44.8,77.06,0.74,61.65,0.62,38.24,0.67
2024-02-29,15:15,9,February,Flat,93,Se-P,432.29,35.08,42.88,77.66,0.65,62.13,0.54,33.8,0.67
2024-02-29,15:30,9,February,Flat,93,Se-P,372.57,34.66,40.97,78.27,0.56,62.62,0.47,29.3,0.67
2024-02-29,15:45,9,February,Flat,93,Se-P,312.86,34.23,39.05,78.88,0.47,63.1,0.39,24.75,0.67
2024-02-29,16:00,9,February,Flat,93,Se-P,253.15,33.81,37.14,79.48,0.38,63.59,0.32,20.14,0.67
2024-02-29,16:15,9,February,Flat,93,Se-P,202.72,33.23,35.3,80.07,0.3,64.05,0.25,16.22,0.67
2024-02-29,16:30,9,February,Flat,93,Se-P,152.28,32.65,33.45,80.65,0.23,64.52,0.19,12.25,0.67
2024-02-29,16:45,9,February,Flat,93,Se-P,101.85,32.06,31.61,81.24,0.15,64.99,0.13,8.24,0.67
2024-02-29,17:00,9,February,Flat,93,Se-P,51.42,31.48,29.77,81.82,0.08,65.46,0.06,4.18,0.67
2024-02-29,17:15,9,February,Flat,93,Se-P,38.56,30.98,28.95,82.08,0.06,65.66,0.05,3.14,0.67
2024-02-29,17:30,9,February,Flat,93,Se-P,25.71,30.49,28.13,82.34,0.04,65.87,0.03,2.1,0.67
2024-02-29,17:45,9,February,Flat,93,Se-P,12.86,30.0,27.32,82.59,0.02,66.08,0.02,1.05,0.67
2024-03-01,05:15,9,March,Flat,93,Se-P,9.88,23.05,20.3,84.82,0.01,67.85,0.01,0.82,0.67
2024-03-01,05:30,9,March,Flat,93,Se-P,19.75,23.36,20.85,84.64,0.03,67.71,0.02,1.65,0.67
2024-03-01,05:45,9,March,Flat,93,Se-P,29.62,23.66,21.41,84.47,0.04,67.57,0.04,2.47,0.67
2024-03-01,06:00,9,March,Flat,93,Se-P,39.5,23.97,21.96,84.29,0.06,67.43,0.05,3.28,0.67
2024-03-01,06:15,9,March,Flat,93,Se-P,85.38,24.72,23.86,83.69,0.13,66.95,0.11,7.06,0.67
2024-03-01,06:30,9,March,Flat,93,Se-P,131.25,25.48,25.76,83.09,0.19,66.47,0.16,10.79,0.67
2024-03-01,06:45,9,March,Flat,93,Se-P,177.12,26.23,27.66,82.49,0.26,65.99,0.22,14.49,0.67
2024-03-01,07:00,9,March,Flat,93,Se-P,223.0,26.98,29.55,81.89,0.33,65.51,0.28,18.14,0.67
2024-03-01,07:15,9,March,Flat,93,Se-P,272.85,27.69,31.51,81.27,0.41,65.01,0.34,22.07,0.67
2024-03-01,07:30,9,March,Flat,93,Se-P,322.69,28.39,33.46,80.65,0.48,64.52,0.4,25.95,0.67
2024-03-01,07:45,9,March,Flat,93,Se-P,372.53,29.1,35.42,80.03,0.56,64.02,0.47,29.79,0.67
2024-03-01,08:00,9,March,Flat,93,Se-P,422.38,29.81,37.37,79.41,0.63,63.53,0.53,33.58,0.67
2024-03-01,08:15,9,March,Flat,93,Se-P,475.06,30.41,39.29,78.8,0.71,63.04,0.6,37.55,0.67
2024-03-01,08:30,9,March,Flat,93,Se-P,527.74,31.01,41.2,78.2,0.79,62.56,0.66,41.47,0.67
2024-03-01,08:45,9,March,Flat,93,Se-P,580.42,31.61,43.12,77.59,0.87,62.07,0.73,45.34,0.67
2024-03-01,09:00,9,March,Flat,93,Se-P,633.1,32.21,45.04,76.98,0.95,61.59,0.8,49.16,0.67
2024-03-01,09:15,9,March,Flat,93,Se-P,669.02,32.67,46.4,76.55,1.01,61.24,0.84,51.73,0.67
2024-03-01,09:30,9,March,Flat,93,Se-P,704.94,33.14,47.76,76.12,1.06,60.9,0.89,54.27,0.67
2024-03-01,09:45,9,March,Flat,93,Se-P,740.86,33.61,49.13,75.69,1.12,60.55,0.94,56.79,0.67
2024-03-01,10:00,9,March,Flat,93,Se-P,776.78,34.07,50.49,75.26,1.18,60.21,0.98,59.28,0.67
2024-03-01,10:15,9,March,Flat,93,Se-P,785.28,34.43,51.06,75.08,1.19,60.06,1.0,59.82,0.67
2024-03-01,10:30,9,March,Flat,93,Se-P,793.79,34.78,51.63,74.9,1.2,59.92,1.01,60.36,0.67
2024-03-01,10:45,9,March,Flat,93,Se-P,802.29,35.14,52.2,74.72,1.22,59.77,1.02,60.89,0.67
2024-03-01,11:00,9,March,Flat,93,Se-P,810.8,35.5,52.77,74.53,1.23,59.63,1.03,61.42,0.67
2024-03-01,11:15,9,March,Flat,93,Se-P,806.29,35.7,52.85,74.51,1.22,59.61,1.02,61.06,0.67
2024-03-01,11:30,9,March,Flat,93,Se-P,801.77,35.89,52.93,74.48,1.22,59.59,1.02,60.71,0.67
2024-03-01,11:45,9,March,Flat,93,Se-P,797.26,36.09,53.02,74.46,1.21,59.57,1.01,60.35,0.67
2024-03-01,12:00,9,March,Flat,93,Se-P,792.75,36.28,53.1,74.43,1.2,59.54,1.01,59.99,0.67
2024-03-01,12:15,9,March,Flat,93,Se-P,766.56,36.34,52.5,74.62,1.16,59.7,0.97,58.12,0.67
2024-03-01,12:30,9,March,Flat,93,Se-P,740.38,36.39,51.9,74.81,1.12,59.85,0.94,56.25,0.67
2024-03-01,12:45,9,March,Flat,93,Se-P,714.19,36.45,51.3,75.0,1.08,60.0,0.91,54.36,0.67
2024-03-01,13:00,9,March,Flat,93,Se-P,688.0,36.5,50.7,75.19,1.04,60.15,0.87,52.47,0.67
2024-03-01,13:15,9,March,Flat,93,Se-P,652.62,36.38,49.7,75.51,0.99,60.41,0.83,49.94,0.67
2024-03-01,13:30,9,March,Flat,93,Se-P,617.24,36.27,48.7,75.82,0.93,60.66,0.78,47.38,0.67
2024-03-01,13:45,9,March,Flat,93,Se-P,581.85,36.15,47.69,76.14,0.88,60.91,0.74,44.81,0.67
2024-03-01,14:00,9,March,Flat,93,Se-P,546.47,36.03,46.69,76.46,0.82,61.17,0.69,42.22,0.67
2024-03-01,14:15,9,March,Flat,93,Se-P,512.41,35.76,45.57,76.81,0.77,61.45,0.65,39.72,0.67
2024-03-01,14:30,9,March,Flat,93,Se-P,478.35,35.5,44.45,77.17,0.72,61.73,0.6,37.21,0.67
2024-03-01,14:45,9,March,Flat,93,Se-P,444.29,35.23,43.33,77.52,0.67,62.02,0.56,34.69,0.67
2024-03-01,15:00,9,March,Flat,93,Se-P,410.23,34.96,42.22,77.88,0.62,62.3,0.52,32.14,0.67
2024-03-01,15:15,9,March,Flat,93,Se-P,361.81,34.55,40.6,78.39,0.54,62.71,0.45,28.48,0.67
2024-03-01,15:30,9,March,Flat,93,Se-P,313.39,34.15,38.98,78.9,0.47,63.12,0.39,24.79,0.67
2024-03-01,15:45,9,March,Flat,93,Se-P,264.97,33.75,37.37,79.41,0.4,63.53,0.33,21.07,0.67
2024-03-01,16:00,9,March,Flat,93,Se-P,216.55,33.34,35.75,79.92,0.32,63.94,0.27,17.3,0.67
2024-03-01,16:15,9,March,Flat,93,Se-P,174.58,32.8,34.16,80.43,0.26,64.34,0.22,14.01,0.67
2024-03-01,16:30,9,March,Flat,93,Se-P,132.61,32.26,32.57,80.93,0.2,64.74,0.17,10.69,0.67
2024-03-01,16:45,9,March,Flat,93,Se-P,90.64,31.71,30.98,81.43,0.13,65.15,0.11,7.34,0.67
2024-03-01,17:00,9,March,Flat,93,Se-P,48.67,31.17,29.39,81.94,0.07,65.55,0.06,3.96,0.67
2024-03-01,17:15,9,March,Flat,93,Se-P,36.5,30.7,28.61,82.18,0.05,65.75,0.05,2.98,0.67
2024-03-01,17:30,9,March,Flat,93,Se-P,24.34,30.23,27.83,82.43,0.04,65.94,0.03,1.99,0.67
2024-03-01,17:45,9,March,Flat,93,Se-P,12.17,29.75,27.06,82.68,0.02,66.14,0.02,1.0,0.67
2024-03-02,05:15,9,March,Flat,93,Se-P,11.26,22.14,19.42,85.1,0.02,68.08,0.01,0.94,0.67
2024-03-02,05:30,9,March,Flat,93,Se-P,22.52,22.44,20.0,84.91,0.03,67.93,0.03,1.88,0.67
2024-03-02,05:45,9,March,Flat,93,Se-P,33.77,22.73,20.58,84.73,0.05,67.78,0.04,2.82,0.67
2024-03-02,06:00,9,March,Flat,93,Se-P,45.03,23.03,21.16,84.55,0.07,67.64,0.06,3.75,0.67
2024-03-02,06:15,9,March,Flat,93,Se-P,97.41,23.66,23.1,83.93,0.14,67.14,0.12,8.07,0.67
2024-03-02,06:30,9,March,Flat,93,Se-P,149.79,24.29,25.03,83.32,0.22,66.65,0.19,12.34,0.67
2024-03-02,06:45,9,March,Flat,93,Se-P,202.17,24.92,26.97,82.7,0.3,66.16,0.25,16.57,0.67
2024-03-02,07:00,9,March,Flat,93,Se-P,254.55,25.55,28.91,82.09,0.38,65.67,0.32,20.75,0.67
2024-03-02,07:15,9,March,Flat,93,Se-P,316.8,26.21,31.13,81.39,0.47,65.11,0.39,25.65,0.67
2024-03-02,07:30,9,March,Flat,93,Se-P,379.05,26.88,33.36,80.68,0.56,64.55,0.47,30.5,0.67
2024-03-02,07:45,9,March,Flat,93,Se-P,441.3,27.55,35.58,79.98,0.66,63.98,0.55,35.27,0.67
2024-03-02,08:00,9,March,Flat,93,Se-P,503.55,28.21,37.8,79.28,0.75,63.42,0.63,39.98,0.67
2024-03-02,08:15,9,March,Flat,93,Se-P,562.88,28.77,39.84,78.63,0.84,62.9,0.71,44.42,0.67
2024-03-02,08:30,9,March,Flat,93,Se-P,622.2,29.32,41.88,77.98,0.93,62.39,0.78,48.79,0.67
2024-03-02,08:45,9,March,Flat,93,Se-P,681.53,29.88,43.91,77.34,1.02,61.87,0.86,53.11,0.67
2024-03-02,09:00,9,March,Flat,93,Se-P,740.85,30.43,45.95,76.69,1.12,61.36,0.93,57.37,0.67
2024-03-02,09:15,9,March,Flat,93,Se-P,777.92,30.86,47.31,76.26,1.17,61.01,0.98,59.98,0.67
2024-03-02,09:30,9,March,Flat,93,Se-P,814.99,31.29,48.67,75.83,1.23,60.67,1.03,62.56,0.67
2024-03-02,09:45,9,March,Flat,93,Se-P,852.05,31.73,50.03,75.4,1.29,60.32,1.08,65.13,0.67
2024-03-02,10:00,9,March,Flat,93,Se-P,889.12,32.16,51.39,74.97,1.35,59.98,1.13,67.66,0.67
2024-03-02,10:15,9,March,Flat,93,Se-P,914.23,32.48,52.34,74.67,1.39,59.74,1.16,69.36,0.67
2024-03-02,10:30,9,March,Flat,93,Se-P,939.34,32.8,53.29,74.37,1.43,59.5,1.19,71.04,0.67
2024-03-02,10:45,9,March,Flat,93,Se-P,964.44,33.13,54.24,74.07,1.47,59.26,1.23,72.71,0.67
2024-03-02,11:00,9,March,Flat,93,Se-P,989.55,33.45,55.19,73.77,1.5,59.02,1.26,74.37,0.67
2024-03-02,11:15,9,March,Flat,93,Se-P,990.89,33.65,55.42,73.7,1.51,58.96,1.26,74.41,0.67
2024-03-02,11:30,9,March,Flat,93,Se-P,992.22,33.84,55.65,73.62,1.51,58.9,1.26,74.46,0.67
2024-03-02,11:45,9,March,Flat,93,Se-P,993.56,34.03,55.87,73.55,1.51,58.84,1.27,74.5,0.67
2024-03-02,12:00,9,March,Flat,93,Se-P,994.9,34.23,56.1,73.48,1.51,58.78,1.27,74.54,0.67
2024-03-02,12:15,9,March,Flat,93,Se-P,972.39,34.29,55.6,73.64,1.48,58.91,1.24,72.98,0.67
2024-03-02,12:30,9,March,Flat,93,Se-P,949.88,34.35,55.1,73.8,1.44,59.04,1.21,71.41,0.67
2024-03-02,12:45,9,March,Flat,93,Se-P,927.36,34.42,54.6,73.95,1.41,59.16,1.18,69.83,0.67
2024-03-02,13:00,9,March,Flat,93,Se-P,904.85,34.48,54.1,74.11,1.37,59.29,1.15,68.25,0.67
2024-03-02,13:15,9,March,Flat,93,Se-P,868.61,34.43,53.15,74.42,1.32,59.53,1.1,65.72,0.67
2024-03-02,13:30,9,March,Flat,93,Se-P,832.38,34.38,52.19,74.72,1.26,59.77,1.06,63.18,0.67
2024-03-02,13:45,9,March,Flat,93,Se-P,796.14,34.33,51.23,75.02,1.21,60.02,1.01,60.61,0.67
2024-03-02,14:00,9,March,Flat,93,Se-P,759.9,34.28,50.28,75.32,1.15,60.26,0.96,58.04,0.67
2024-03-02,14:15,9,March,Flat,93,Se-P,705.81,34.12,48.77,75.8,1.07,60.64,0.89,54.17,0.67
2024-03-02,14:30,9,March,Flat,93,Se-P,651.72,33.97,47.26,76.28,0.98,61.02,0.82,50.26,0.67
2024-03-02,14:45,9,March,Flat,93,Se-P,597.64,33.81,45.75,76.76,0.9,61.41,0.75,46.31,0.67
2024-03-02,15:00,9,March,Flat,93,Se-P,543.55,33.65,44.24,77.24,0.82,61.79,0.68,42.32,0.67
2024-03-02,15:15,9,March,Flat,93,Se-P,479.66,33.38,42.37,77.83,0.72,62.26,0.6,37.56,0.67
2024-03-02,15:30,9,March,Flat,93,Se-P,415.76,33.1,40.49,78.42,0.62,62.74,0.52,32.74,0.67
2024-03-02,15:45,9,March,Flat,93,Se-P,351.87,32.82,38.62,79.01,0.53,63.21,0.44,27.87,0.67
2024-03-02,16:00,9,March,Flat,93,Se-P,287.98,32.55,36.75,79.61,0.43,63.69,0.36,22.94,0.67
2024-03-02,16:15,9,March,Flat,93,Se-P,230.81,31.88,34.66,80.27,0.34,64.22,0.29,18.5,0.67
2024-03-02,16:30,9,March,Flat,93,Se-P,173.63,31.22,32.56,80.93,0.26,64.75,0.22,14.0,0.67
2024-03-02,16:45,9,March,Flat,93,Se-P,116.46,30.55,30.47,81.6,0.17,65.28,0.14,9.45,0.67
2024-03-02,17:00,9,March,Flat,93,Se-P,59.28,29.89,28.37,82.26,0.09,65.81,0.07,4.84,0.67
2024-03-02,17:15,9,March,Flat,93,Se-P,44.46,29.45,27.57,82.52,0.07,66.01,0.06,3.64,0.67
2024-03-02,17:30,9,March,Flat,93,Se-P,29.64,29.02,26.76,82.77,0.04,66.22,0.04,2.43,0.67
2024-03-02,17:45,9,March,Flat,93,Se-P,14.82,28.59,25.96,83.03,0.02,66.42,0.02,1.22,0.67
2024-03-03,05:15,9,March,Flat,93,Se-P,11.7,22.66,19.95,84.93,0.02,67.94,0.01,0.98,0.67
2024-03-03,05:30,9,March,Flat,93,Se-P,23.4,23.12,20.7,84.69,0.03,67.75,0.03,1.95,0.67
2024-03-03,05:45,9,March,Flat,93,Se-P,35.1,23.57,21.45,84.45,0.05,67.56,0.04,2.92,0.67
2024-03-03,06:00,9,March,Flat,93,Se-P,46.8,24.03,22.2,84.21,0.07,67.37,0.06,3.89,0.67
2024-03-03,06:15,9,March,Flat,93,Se-P,98.53,24.84,24.3,83.55,0.15,66.84,0.12,8.14,0.67
2024-03-03,06:30,9,March,Flat,93,Se-P,150.26,25.65,26.4,82.88,0.22,66.31,0.19,12.33,0.67
2024-03-03,06:45,9,March,Flat,93,Se-P,202.0,26.45,28.5,82.22,0.3,65.78,0.25,16.48,0.67
2024-03-03,07:00,9,March,Flat,93,Se-P,253.73,27.26,30.6,81.55,0.38,65.24,0.32,20.58,0.67
2024-03-03,07:15,9,March,Flat,93,Se-P,314.19,27.96,32.81,80.85,0.47,64.68,0.39,25.32,0.67
2024-03-03,07:30,9,March,Flat,93,Se-P,374.65,28.66,35.03,80.15,0.56,64.12,0.47,29.99,0.67
2024-03-03,07:45,9,March,Flat,93,Se-P,435.12,29.36,37.24,79.45,0.65,63.56,0.54,34.61,0.67
2024-03-03,08:00,9,March,Flat,93,Se-P,495.58,30.06,39.45,78.75,0.74,63.0,0.62,39.15,0.67
2024-03-03,08:15,9,March,Flat,93,Se-P,550.37,30.65,41.41,78.13,0.83,62.51,0.69,43.22,0.67
2024-03-03,08:30,9,March,Flat,93,Se-P,605.15,31.23,43.36,77.51,0.91,62.01,0.76,47.24,0.67
2024-03-03,08:45,9,March,Flat,93,Se-P,659.93,31.82,45.32,76.89,0.99,61.51,0.83,51.2,0.67
2024-03-03,09:00,9,March,Flat,93,Se-P,714.72,32.41,47.28,76.27,1.08,61.02,0.9,55.11,0.67
2024-03-03,09:15,9,March,Flat,93,Se-P,757.58,32.9,48.84,75.78,1.14,60.62,0.96,58.13,0.67
2024-03-03,09:30,9,March,Flat,93,Se-P,800.44,33.38,50.4,75.29,1.21,60.23,1.01,61.11,0.67
2024-03-03,09:45,9,March,Flat,93,Se-P,843.31,33.87,51.96,74.79,1.28,59.83,1.07,64.06,0.67
2024-03-03,10:00,9,March,Flat,93,Se-P,886.17,34.36,53.51,74.3,1.35,59.44,1.13,66.97,0.67
2024-03-03,10:15,9,March,Flat,93,Se-P,907.95,34.73,54.43,74.01,1.38,59.21,1.16,68.41,0.67
2024-03-03,10:30,9,March,Flat,93,Se-P,929.73,35.11,55.35,73.72,1.41,58.97,1.18,69.84,0.67
2024-03-03,10:45,9,March,Flat,93,Se-P,951.52,35.48,56.27,73.43,1.45,58.74,1.21,71.25,0.67
2024-03-03,11:00,9,March,Flat,93,Se-P,973.3,35.85,57.18,73.14,1.48,58.51,1.24,72.66,0.67
2024-03-03,11:15,9,March,Flat,93,Se-P,972.27,36.09,57.39,73.07,1.48,58.46,1.24,72.53,0.67
2024-03-03,11:30,9,March,Flat,93,Se-P,971.23,36.33,57.61,73.0,1.48,58.4,1.24,72.4,0.67
2024-03-03,11:45,9,March,Flat,93,Se-P,970.2,36.56,57.82,72.94,1.48,58.35,1.24,72.28,0.67
2024-03-03,12:00,9,March,Flat,93,Se-P,969.17,36.8,58.03,72.87,1.48,58.3,1.24,72.15,0.67
2024-03-03,12:15,9,March,Flat,93,Se-P,944.26,36.9,57.5,73.04,1.44,58.43,1.21,70.42,0.67
2024-03-03,12:30,9,March,Flat,93,Se-P,919.35,36.99,56.98,73.2,1.4,58.56,1.17,68.68,0.67
2024-03-03,12:45,9,March,Flat,93,Se-P,894.44,37.09,56.45,73.37,1.36,58.69,1.14,66.94,0.67
2024-03-03,13:00,9,March,Flat,93,Se-P,869.53,37.19,55.93,73.53,1.32,58.83,1.11,65.19,0.67
2024-03-03,13:15,9,March,Flat,93,Se-P,834.66,37.13,54.99,73.83,1.27,59.06,1.06,62.77,0.67
2024-03-03,13:30,9,March,Flat,93,Se-P,799.79,37.06,54.06,74.13,1.21,59.3,1.02,60.33,0.67
2024-03-03,13:45,9,March,Flat,93,Se-P,764.92,37.0,53.13,74.42,1.16,59.54,0.97,57.88,0.67
2024-03-03,14:00,9,March,Flat,93,Se-P,730.05,36.94,52.19,74.72,1.11,59.77,0.93,55.41,0.67
2024-03-03,14:15,9,March,Flat,93,Se-P,678.86,36.72,50.69,75.19,1.03,60.15,0.86,51.78,0.67
2024-03-03,14:30,9,March,Flat,93,Se-P,627.67,36.49,49.19,75.67,0.95,60.54,0.79,48.11,0.67
2024-03-03,14:45,9,March,Flat,93,Se-P,576.49,36.27,47.68,76.14,0.87,60.92,0.73,44.39,0.67
2024-03-03,15:00,9,March,Flat,93,Se-P,525.3,36.05,46.18,76.62,0.79,61.3,0.66,40.65,0.67
2024-03-03,15:15,9,March,Flat,93,Se-P,463.41,35.66,44.24,77.24,0.7,61.79,0.58,36.08,0.67
2024-03-03,15:30,9,March,Flat,93,Se-P,401.51,35.26,42.3,77.85,0.6,62.28,0.5,31.45,0.67
2024-03-03,15:45,9,March,Flat,93,Se-P,339.62,34.86,40.36,78.47,0.51,62.77,0.43,26.76,0.67
2024-03-03,16:00,9,March,Flat,93,Se-P,277.73,34.47,38.41,79.08,0.42,63.26,0.35,22.01,0.67
2024-03-03,16:15,9,March,Flat,93,Se-P,222.15,33.81,36.37,79.73,0.33,63.78,0.28,17.71,0.67
2024-03-03,16:30,9,March,Flat,93,Se-P,166.56,33.16,34.32,80.38,0.25,64.3,0.21,13.36,0.67
2024-03-03,16:45,9,March,Flat,93,Se-P,110.98,32.51,32.28,81.02,0.17,64.82,0.14,8.96,0.67
2024-03-03,17:00,9,March,Flat,93,Se-P,55.4,31.85,30.23,81.67,0.08,65.34,0.07,4.5,0.67
2024-03-03,17:15,9,March,Flat,93,Se-P,41.55,31.26,29.3,81.97,0.06,65.57,0.05,3.38,0.67
2024-03-03,17:30,9,March,Flat,93,Se-P,27.7,30.68,28.37,82.26,0.04,65.81,0.03,2.26,0.67
2024-03-03,17:45,9,March,Flat,93,Se-P,13.85,30.09,27.43,82.56,0.02,66.05,0.02,1.13,0.67
