Week,Shape,Spacing_cm,Irr_kWh_m2
1,Flat,62,33.8384725
1,Flat,77,33.8384725
1,Flat,93,33.8384725
1,Inverted-V,62,36.5455925
1,Inverted-V,77,36.5455925
1,Inverted-V,93,36.5455925
1,V-Shape,62,35.530445
1,V-Shape,77,35.530445
1,V-Shape,93,35.530445
2,Flat,62,33.5408325
2,Flat,77,33.5408325
2,Flat,93,33.5408325
2,Inverted-V,62,36.2241225
2,Inverted-V,77,36.2241225
2,Inverted-V,93,36.2241225
2,V-Shape,62,35.2178875
2,V-Shape,77,35.2178875
2,V-Shape,93,35.2178875
3,Flat,62,24.5398725
3,Flat,77,24.5398725
3,Flat,93,24.5398725
3,Inverted-V,62,26.503072500000002
3,Inverted-V,77,26.503072500000002
3,Inverted-V,93,26.503072500000002
3,V-Shape,62,25.766885
3,V-Shape,77,25.766885
3,V-Shape,93,25.766885
4,Flat,62,32.6382075
4,Flat,77,32.6382075
4,Flat,93,32.6382075
4,Inverted-V,62,35.249255
4,Inverted-V,77,35.249255
4,Inverted-V,93,35.249255
4,V-Shape,62,34.2701225
4,V-Shape,77,34.2701225
4,V-Shape,93,34.2701225
5,Flat,62,35.5567825
5,Flat,77,35.5567825
5,Flat,93,35.5567825
5,Inverted-V,62,38.40134
5,Inverted-V,77,38.40134
5,Inverted-V,93,38.40134
5,V-Shape,62,37.3346425
5,V-Shape,77,37.3346425
5,V-Shape,93,37.3346425
6,Flat,62,43.0809
6,Flat,77,43.0809
6,Flat,93,43.0809
6,Inverted-V,62,46.527385
6,Inverted-V,77,46.527385
6,Inverted-V,93,46.527385
6,V-Shape,62,45.2349525
6,V-Shape,77,45.2349525
6,V-Shape,93,45.2349525
7,Flat,62,46.8577975
7,Flat,77,46.8577975
7,Flat,93,46.8577975
7,Inverted-V,62,50.6064275
7,Inverted-V,77,50.6064275
7,Inverted-V,93,50.6064275
7,V-Shape,62,49.200705
7,V-Shape,77,49.200705
7,V-Shape,93,49.200705
8,Flat,62,47.683085
8,Flat,77,47.683085
8,Flat,93,47.683085
8,Inverted-V,62,51.4977625
8,Inverted-V,77,51.4977625
8,Inverted-V,93,51.4977625
8,V-Shape,62,50.0672825
8,V-Shape,77,50.0672825
8,V-Shape,93,50.0672825
9,Flat,62,35.243515
9,Flat,77,35.243515
9,Flat,93,35.243515
9,Inverted-V,62,38.0630225
9,Inverted-V,77,38.0630225
9,Inverted-V,93,38.0630225
9,V-Shape,62,37.00572
9,V-Shape,77,37.00572
9,V-Shape,93,37.00572
10,Flat,62,44.9641575
10,Flat,77,44.9641575
10,Flat,93,44.9641575
10,Inverted-V,62,48.56134
10,Inverted-V,77,48.56134
10,Inverted-V,93,48.56134
10,V-Shape,62,47.2123875
10,V-Shape,77,47.2123875
10,V-Shape,93,47.2123875
11,Flat,62,38.0416125
11,Flat,77,38.0416125
11,Flat,93,38.0416125
11,Inverted-V,62,41.0848825
11,Inverted-V,77,41.0848825
11,Inverted-V,93,41.0848825
11,V-Shape,62,39.94365
11,V-Shape,77,39.94365
11,V-Shape,93,39.94365
12,Flat,62,40.3219075
12,Flat,77,40.3219075
12,Flat,93,40.3219075
12,Inverted-V,62,43.547647500000004
12,Inverted-V,77,43.547647500000004
12,Inverted-V,93,43.547647500000004
12,V-Shape,62,42.3380075
12,V-Shape,77,42.3380075
12,V-Shape,93,42.3380075
13,Flat,62,44.6704475
13,Flat,77,44.6704475
13,Flat,93,44.6704475
13,Inverted-V,62,48.244105
13,Inverted-V,77,48.244105
13,Inverted-V,93,48.244105
13,V-Shape,62,46.903985
13,V-Shape,77,46.903985
13,V-Shape,93,46.903985
14,Flat,62,52.2657975
14,Flat,77,52.2657975
14,Flat,93,52.2657975
14,Inverted-V,62,56.44707
14,Inverted-V,77,56.44707
14,Inverted-V,93,56.44707
14,V-Shape,62,54.8790925
14,V-Shape,77,54.8790925
14,V-Shape,93,54.8790925
15,Flat,62,42.861435
15,Flat,77,42.861435
15,Flat,93,42.861435
15,Inverted-V,62,46.2903525
15,Inverted-V,77,46.2903525
15,Inverted-V,93,46.2903525
15,V-Shape,62,45.004545
15,V-Shape,77,45.004545
15,V-Shape,93,45.004545
16,Flat,62,41.8362525
16,Flat,77,41.8362525
16,Flat,93,41.8362525
16,Inverted-V,62,45.183165
16,Inverted-V,77,45.183165
16,Inverted-V,93,45.183165
16,V-Shape,62,43.928085
16,V-Shape,77,43.928085
16,V-Shape,93,43.928085
17,Flat,62,45.437915
17,Flat,77,45.437915
17,Flat,93,45.437915
17,Inverted-V,62,49.0729775
17,Inverted-V,77,49.0729775
17,Inverted-V,93,49.0729775
17,V-Shape,62,47.709805
17,V-Shape,77,47.709805
17,V-Shape,93,47.709805
18,Flat,62,42.095145
18,Flat,77,42.095145
18,Flat,93,42.095145
18,Inverted-V,62,45.462735
18,Inverted-V,77,45.462735
18,Inverted-V,93,45.462735
18,V-Shape,62,44.199875
18,V-Shape,77,44.199875
18,V-Shape,93,44.199875
19,Flat,62,38.956055
19,Flat,77,38.956055
19,Flat,93,38.956055
19,Inverted-V,62,42.072555
19,Inverted-V,77,42.072555
19,Inverted-V,93,42.072555
19,V-Shape,62,40.9039075
19,V-Shape,77,40.9039075
19,V-Shape,93,40.9039075
20,Flat,62,28.3063425
20,Flat,77,28.3063425
20,Flat,93,28.3063425
20,Inverted-V,62,30.5708425
20,Inverted-V,77,30.5708425
20,Inverted-V,93,30.5708425
20,V-Shape,62,29.7216825
20,V-Shape,77,29.7216825
20,V-Shape,93,29.7216825
21,Flat,62,25.1423
21,Flat,77,25.1423
21,Flat,93,25.1423
21,Inverted-V,62,27.1536725
21,Inverted-V,77,27.1536725
21,Inverted-V,93,27.1536725
21,V-Shape,62,26.39943
21,V-Shape,77,26.39943
21,V-Shape,93,26.39943
22,Flat,62,32.5583625
22,Flat,77,32.5583625
22,Flat,93,32.5583625
22,Inverted-V,62,35.1630125
22,Inverted-V,77,35.1630125
22,Inverted-V,93,35.1630125
22,V-Shape,62,34.1862825
22,V-Shape,77,34.1862825
22,V-Shape,93,34.1862825
23,Flat,62,33.2473325
23,Flat,77,33.2473325
23,Flat,93,33.2473325
23,Inverted-V,62,35.90713
23,Inverted-V,77,35.90713
23,Inverted-V,93,35.90713
23,V-Shape,62,34.9097275
23,V-Shape,77,34.9097275
23,V-Shape,93,34.9097275
24,Flat,62,38.3754675
24,Flat,77,38.3754675
24,Flat,93,38.3754675
24,Inverted-V,62,41.445515
24,Inverted-V,77,41.445515
24,Inverted-V,93,41.445515
24,V-Shape,62,40.294255
24,V-Shape,77,40.294255
24,V-Shape,93,40.294255
25,Flat,62,31.07144
25,Flat,77,31.07144
25,Flat,93,31.07144
25,Inverted-V,62,33.5571625
25,Inverted-V,77,33.5571625
25,Inverted-V,93,33.5571625
25,V-Shape,62,32.625
25,V-Shape,77,32.625
25,V-Shape,93,32.625
26,Flat,62,26.936395
26,Flat,77,26.936395
26,Flat,93,26.936395
26,Inverted-V,62,29.09132
26,Inverted-V,77,29.09132
26,Inverted-V,93,29.09132
26,V-Shape,62,28.28323
26,V-Shape,77,28.28323
26,V-Shape,93,28.28323
27,Flat,62,33.037405
27,Flat,77,33.037405
27,Flat,93,33.037405
27,Inverted-V,62,35.6804025
27,Inverted-V,77,35.6804025
27,Inverted-V,93,35.6804025
27,V-Shape,62,34.6893125
27,V-Shape,77,34.6893125
27,V-Shape,93,34.6893125
28,Flat,62,30.306095
28,Flat,77,30.306095
28,Flat,93,30.306095
28,Inverted-V,62,32.7305975
28,Inverted-V,77,32.7305975
28,Inverted-V,93,32.7305975
28,V-Shape,62,31.82141
28,V-Shape,77,31.82141
28,V-Shape,93,31.82141
29,Flat,62,24.17775
29,Flat,77,24.17775
29,Flat,93,24.17775
29,Inverted-V,62,26.112
29,Inverted-V,77,26.112
29,Inverted-V,93,26.112
29,V-Shape,62,25.38663
29,V-Shape,77,25.38663
29,V-Shape,93,25.38663
30,Flat,62,30.30082
30,Flat,77,30.30082
30,Flat,93,30.30082
30,Inverted-V,62,32.724905
30,Inverted-V,77,32.724905
30,Inverted-V,93,32.724905
30,V-Shape,62,31.8158925
30,V-Shape,77,31.8158925
30,V-Shape,93,31.8158925
31,Flat,62,31.1443975
31,Flat,77,31.1443975
31,Flat,93,31.1443975
31,Inverted-V,62,33.6359675
31,Inverted-V,77,33.6359675
31,Inverted-V,93,33.6359675
31,V-Shape,62,32.7016475
31,V-Shape,77,32.7016475
31,V-Shape,93,32.7016475
32,Flat,62,33.234755
32,Flat,77,33.234755
32,Flat,93,33.234755
32,Inverted-V,62,35.893565
32,Inverted-V,77,35.893565
32,Inverted-V,93,35.893565
32,V-Shape,62,34.8965275
32,V-Shape,77,34.8965275
32,V-Shape,93,34.8965275
33,Flat,62,33.2476625
33,Flat,77,33.2476625
33,Flat,93,33.2476625
33,Inverted-V,62,35.9074875
33,Inverted-V,77,35.9074875
33,Inverted-V,93,35.9074875
33,V-Shape,62,34.9100525
33,V-Shape,77,34.9100525
33,V-Shape,93,34.9100525
34,Flat,62,34.55312
34,Flat,77,34.55312
34,Flat,93,34.55312
34,Inverted-V,62,37.31739
34,Inverted-V,77,37.31739
34,Inverted-V,93,37.31739
34,V-Shape,62,36.2807975
34,V-Shape,77,36.2807975
34,V-Shape,93,36.2807975
35,Flat,62,31.306635
35,Flat,77,31.306635
35,Flat,93,31.306635
35,Inverted-V,62,33.8111575
35,Inverted-V,77,33.8111575
35,Inverted-V,93,33.8111575
35,V-Shape,62,32.871965
35,V-Shape,77,32.871965
35,V-Shape,93,32.871965
36,Flat,62,35.3052925
36,Flat,77,35.3052925
36,Flat,93,35.3052925
36,Inverted-V,62,38.1297
36,Inverted-V,77,38.1297
36,Inverted-V,93,38.1297
36,V-Shape,62,37.070565
36,V-Shape,77,37.070565
36,V-Shape,93,37.070565
37,Flat,62,36.825815
37,Flat,77,36.825815
37,Flat,93,36.825815
37,Inverted-V,62,39.77188
37,Inverted-V,77,39.77188
37,Inverted-V,93,39.77188
37,V-Shape,62,38.6671275
37,V-Shape,77,38.6671275
37,V-Shape,93,38.6671275
38,Flat,62,45.58242
38,Flat,77,45.58242
38,Flat,93,45.58242
38,Inverted-V,62,49.22903
38,Inverted-V,77,49.22903
38,Inverted-V,93,49.22903
38,V-Shape,62,47.861545
38,V-Shape,77,47.861545
38,V-Shape,93,47.861545
39,Flat,62,36.5842225
39,Flat,77,36.5842225
39,Flat,93,36.5842225
39,Inverted-V,62,39.51099
39,Inverted-V,77,39.51099
39,Inverted-V,93,39.51099
39,V-Shape,62,38.41343
39,V-Shape,77,38.41343
39,V-Shape,93,38.41343
40,Flat,62,33.3103125
40,Flat,77,33.3103125
40,Flat,93,33.3103125
40,Inverted-V,62,35.975165
40,Inverted-V,77,35.975165
40,Inverted-V,93,35.975165
40,V-Shape,62,34.97584
40,V-Shape,77,34.97584
40,V-Shape,93,34.97584
41,Flat,62,31.8527925
41,Flat,77,31.8527925
41,Flat,93,31.8527925
41,Inverted-V,62,34.4010025
41,Inverted-V,77,34.4010025
41,Inverted-V,93,34.4010025
41,V-Shape,62,33.44541
41,V-Shape,77,33.44541
41,V-Shape,93,33.44541
42,Flat,62,29.784965
42,Flat,77,29.784965
42,Flat,93,29.784965
42,Inverted-V,62,32.167765
42,Inverted-V,77,32.167765
42,Inverted-V,93,32.167765
42,V-Shape,62,31.2742425
42,V-Shape,77,31.2742425
42,V-Shape,93,31.2742425
43,Flat,62,30.6127775
43,Flat,77,30.6127775
43,Flat,93,30.6127775
43,Inverted-V,62,33.061795
43,Inverted-V,77,33.061795
43,Inverted-V,93,33.061795
43,V-Shape,62,32.143435
43,V-Shape,77,32.143435
43,V-Shape,93,32.143435
44,Flat,62,34.446895
44,Flat,77,34.446895
44,Flat,93,34.446895
44,Inverted-V,62,37.20265
44,Inverted-V,77,37.20265
44,Inverted-V,93,37.20265
44,V-Shape,62,36.169265
44,V-Shape,77,36.169265
44,V-Shape,93,36.169265
45,Flat,62,34.5636325
45,Flat,77,34.5636325
45,Flat,93,34.5636325
45,Inverted-V,62,37.3287525
45,Inverted-V,77,37.3287525
45,Inverted-V,93,37.3287525
45,V-Shape,62,36.29182
45,V-Shape,77,36.29182
45,V-Shape,93,36.29182
46,Flat,62,30.783195
46,Flat,77,30.783195
46,Flat,93,30.783195
46,Inverted-V,62,33.245855
46,Inverted-V,77,33.245855
46,Inverted-V,93,33.245855
46,V-Shape,62,32.3223575
46,V-Shape,77,32.3223575
46,V-Shape,93,32.3223575
47,Flat,62,24.34379
47,Flat,77,24.34379
47,Flat,93,24.34379
47,Inverted-V,62,26.291315
47,Inverted-V,77,26.291315
47,Inverted-V,93,26.291315
47,V-Shape,62,25.561005
47,V-Shape,77,25.561005
47,V-Shape,93,25.561005
48,Flat,62,18.4572075
48,Flat,77,18.4572075
48,Flat,93,18.4572075
48,Inverted-V,62,19.9337775
48,Inverted-V,77,19.9337775
48,Inverted-V,93,19.9337775
48,V-Shape,62,19.3800875
48,V-Shape,77,19.3800875
48,V-Shape,93,19.3800875
49,Flat,62,30.64335
49,Flat,77,30.64335
49,Flat,93,30.64335
49,Inverted-V,62,33.0948525
49,Inverted-V,77,33.0948525
49,Inverted-V,93,33.0948525
49,V-Shape,62,32.175512499999996
49,V-Shape,77,32.175512499999996
49,V-Shape,93,32.175512499999996
50,Flat,62,23.639225
50,Flat,77,23.639225
50,Flat,93,23.639225
50,Inverted-V,62,25.53041
50,Inverted-V,77,25.53041
50,Inverted-V,93,25.53041
50,V-Shape,62,24.8212225
50,V-Shape,77,24.8212225
50,V-Shape,93,24.8212225
51,Flat,62,34.5262175
51,Flat,77,34.5262175
51,Flat,93,34.5262175
51,Inverted-V,62,37.2883275
51,Inverted-V,77,37.2883275
51,Inverted-V,93,37.2883275
51,V-Shape,62,36.25254
51,V-Shape,77,36.25254
51,V-Shape,93,36.25254
52,Flat,62,35.998065
52,Flat,77,35.998065
52,Flat,93,35.998065
52,Inverted-V,62,38.8779375
52,Inverted-V,77,38.8779375
52,Inverted-V,93,38.8779375
52,V-Shape,62,37.7980125
52,V-Shape,77,37.7980125
52,V-Shape,93,37.7980125
