Config,Shape,Spacing_cm,Tilt,Peak_W,Annual_kWh,Voc_avg,Isc_avg,FF_avg
Flat_62,Flat,62.0,0,235.569,437.62507,37.15271581569116,3.9060712328767124,0.7833349315068494
Flat_77,Flat,77.0,0,249.43,464.545387,37.06917110834371,4.171653549190535,0.7825810502283106
Flat_93,Flat,93.0,0,259.174,483.571618,37.00969364881694,4.361391282689912,0.7820447488584475
V_62,V-Shape,62.0,30,249.186,527.1474029999999,36.88612179327522,4.743386550435865,0.7808897260273973
V_77,V-Shape,77.0,30,263.73,559.3952579999999,36.78472378580324,5.067108592777085,0.7799808219178082
V_93,V-Shape,93.0,30,273.943,582.171829,36.7125499377335,5.298465255292652,0.7793260273972602
InvV_62,Inverted-V,62.0,50,224.983,511.81138400000003,36.93940448318804,4.56730610211706,0.7813646118721462
InvV_77,Inverted-V,77.0,50,238.302,543.3026679999999,36.841424906600245,4.877828891656289,0.7804763698630137
InvV_93,Inverted-V,93.0,50,247.672,565.560262,36.77170709838107,5.0996789539227905,0.7798471461187214
