Date,Time,PanelSpacing_cm,Irradiation_Wm2,AmbientTemp_C,CellTemp_C,Voc_V,Isc_A,Vm_V,Im_A,Pm_W,FF
2025-04-01,06:00,77,68.2,26.3,28.0,82.39,0.1,65.91,0.08,5.6,0.67
2025-04-01,07:00,77,233.7,28.6,34.4,80.35,0.35,64.28,0.29,18.7,0.67
2025-04-01,08:00,77,434.9,30.7,41.5,78.09,0.65,62.47,0.55,34.1,0.67
2025-04-01,09:00,77,621.1,32.5,48.0,76.05,0.94,60.84,0.79,47.8,0.67
2025-04-01,10:00,77,683.1,34.1,51.1,75.05,1.03,60.04,0.87,52.0,0.67
2025-04-01,11:00,77,799.4,35.4,55.4,73.72,1.22,58.97,1.02,60.0,0.67
2025-04-01,12:00,77,741.1,36.2,54.7,73.92,1.13,59.13,0.94,55.8,0.67
2025-04-01,13:00,77,714.2,36.4,54.3,74.05,1.09,59.24,0.91,53.8,0.67
2025-04-01,14:00,77,524.0,36.1,49.3,75.65,0.79,60.52,0.66,40.2,0.67
2025-04-01,15:00,77,426.6,35.0,45.7,76.77,0.64,61.42,0.54,33.1,0.67
2025-04-01,16:00,77,215.0,33.3,38.7,78.99,0.32,63.19,0.27,17.0,0.67
2025-04-01,17:00,77,41.6,31.2,32.3,81.02,0.06,64.82,0.05,3.4,0.67
2025-04-02,06:00,77,81.6,27.0,29.1,82.04,0.12,65.63,0.1,6.6,0.67
2025-04-02,07:00,77,283.4,28.8,35.9,79.88,0.42,63.9,0.35,22.6,0.67
2025-04-02,08:00,77,446.4,30.9,42.1,77.92,0.67,62.33,0.56,35.0,0.67
2025-04-02,09:00,77,616.0,32.4,47.8,76.11,0.93,60.89,0.78,47.4,0.67
2025-04-02,10:00,77,789.8,33.3,53.1,74.44,1.2,59.55,1.0,59.8,0.67
2025-04-02,11:00,77,833.4,33.9,54.7,73.92,1.27,59.13,1.06,62.7,0.67
2025-04-02,12:00,77,713.8,34.2,52.0,74.76,1.08,59.81,0.91,54.2,0.67
2025-04-02,13:00,77,617.1,34.3,49.7,75.51,0.93,60.41,0.78,47.2,0.67
2025-04-02,14:00,77,534.0,33.8,47.2,76.3,0.81,61.04,0.67,41.2,0.67
2025-04-02,15:00,77,389.5,33.0,42.8,77.71,0.59,62.16,0.49,30.5,0.67
2025-04-02,16:00,77,213.4,31.8,37.1,79.5,0.32,63.6,0.27,17.0,0.67
2025-04-02,17:00,77,39.8,29.4,30.4,81.6,0.06,65.28,0.05,3.2,0.67
2025-04-03,06:00,77,91.0,25.9,28.1,82.34,0.13,65.87,0.11,7.4,0.67
2025-04-03,07:00,77,309.7,27.4,35.1,80.12,0.46,64.09,0.39,24.8,0.67
2025-04-03,08:00,77,511.0,28.9,41.7,78.05,0.77,62.44,0.64,40.1,0.67
2025-04-03,09:00,77,662.7,30.4,47.0,76.37,1.0,61.09,0.84,51.1,0.67
2025-04-03,10:00,77,765.1,31.6,50.7,75.18,1.16,60.15,0.97,58.3,0.67
2025-04-03,11:00,77,815.2,32.4,52.8,74.53,1.24,59.63,1.04,61.8,0.67
2025-04-03,12:00,77,777.9,32.7,52.1,74.74,1.18,59.79,0.99,59.1,0.67
2025-04-03,13:00,77,632.1,32.5,48.3,75.96,0.95,60.77,0.8,48.6,0.67
2025-04-03,14:00,77,432.1,31.9,42.7,77.71,0.65,62.17,0.54,33.8,0.67
2025-04-03,15:00,77,270.4,31.2,37.9,79.23,0.4,63.39,0.34,21.5,0.67
2025-04-03,16:00,77,145.1,30.0,33.7,80.59,0.22,64.47,0.18,11.7,0.67
2025-04-03,17:00,77,30.4,28.4,29.2,82.0,0.05,65.6,0.04,2.5,0.67
2025-04-04,06:00,77,91.6,25.5,27.8,82.45,0.14,65.96,0.11,7.5,0.67
2025-04-04,07:00,77,313.2,27.9,35.7,79.94,0.47,63.95,0.39,25.0,0.67
2025-04-04,08:00,77,550.1,29.8,43.6,77.45,0.83,61.96,0.69,42.9,0.67
2025-04-04,09:00,77,683.2,31.6,48.7,75.83,1.03,60.67,0.86,52.4,0.67
2025-04-04,10:00,77,771.9,33.0,52.3,74.67,1.17,59.73,0.98,58.6,0.67
2025-04-04,11:00,77,814.7,34.3,54.6,73.95,1.24,59.16,1.04,61.3,0.67
2025-04-04,12:00,77,774.1,35.1,54.4,74.01,1.18,59.21,0.99,58.3,0.67
2025-04-04,13:00,77,425.8,35.4,46.1,76.66,0.64,61.33,0.54,33.0,0.67
2025-04-04,14:00,77,354.4,35.2,44.0,77.3,0.53,61.84,0.45,27.6,0.67
2025-04-04,15:00,77,143.8,34.4,38.0,79.21,0.21,63.37,0.18,11.4,0.67
2025-04-04,16:00,77,62.2,33.0,34.6,80.29,0.09,64.23,0.08,5.0,0.67
2025-04-04,17:00,77,12.7,30.4,30.7,81.52,0.02,65.22,0.02,1.0,0.67
2025-04-05,06:00,77,85.0,25.5,27.6,82.5,0.13,66.0,0.11,7.0,0.67
2025-04-05,07:00,77,293.2,27.9,35.3,80.08,0.44,64.06,0.37,23.5,0.67
2025-04-05,08:00,77,527.6,29.9,43.1,77.59,0.79,62.07,0.66,41.2,0.67
2025-04-05,09:00,77,670.5,32.0,48.8,75.8,1.01,60.64,0.85,51.5,0.67
2025-04-05,10:00,77,678.2,33.8,50.8,75.17,1.03,60.13,0.86,51.7,0.67
2025-04-05,11:00,77,759.0,35.0,53.9,74.16,1.15,59.33,0.97,57.3,0.67
2025-04-05,12:00,77,686.0,35.6,52.7,74.55,1.04,59.64,0.87,52.0,0.67
2025-04-05,13:00,77,528.1,35.6,48.9,75.78,0.8,60.62,0.67,40.5,0.67
2025-04-05,14:00,77,420.5,35.1,45.7,76.79,0.63,61.43,0.53,32.6,0.67
2025-04-05,15:00,77,184.0,34.2,38.8,78.96,0.28,63.17,0.23,14.6,0.67
2025-04-05,16:00,77,97.9,32.6,35.1,80.14,0.15,64.11,0.12,7.8,0.67
2025-04-05,17:00,77,20.1,30.4,30.9,81.45,0.03,65.16,0.02,1.6,0.67
2025-04-06,06:00,77,105.0,26.4,29.0,82.07,0.16,65.65,0.13,8.6,0.67
2025-04-06,07:00,77,308.4,28.6,36.3,79.76,0.46,63.81,0.39,24.6,0.67
2025-04-06,08:00,77,553.9,30.1,43.9,77.34,0.83,61.88,0.7,43.2,0.67
2025-04-06,09:00,77,771.8,31.2,50.5,75.24,1.17,60.19,0.98,58.9,0.67
2025-04-06,10:00,77,847.0,31.9,53.1,74.44,1.29,59.55,1.08,64.1,0.67
2025-04-06,11:00,77,781.1,32.2,51.7,74.88,1.18,59.9,0.99,59.4,0.67
2025-04-06,12:00,77,758.2,32.3,51.2,75.02,1.15,60.02,0.96,57.7,0.67
2025-04-06,13:00,77,615.3,32.1,47.5,76.2,0.93,60.96,0.78,47.4,0.67
2025-04-06,14:00,77,444.1,32.0,43.1,77.58,0.67,62.07,0.56,34.7,0.67
2025-04-06,15:00,77,327.1,31.8,39.9,78.6,0.49,62.88,0.41,25.8,0.67
2025-04-06,16:00,77,166.5,31.1,35.3,80.08,0.25,64.06,0.21,13.3,0.67
2025-04-06,17:00,77,28.3,29.5,30.2,81.68,0.04,65.34,0.04,2.3,0.67
2025-04-07,06:00,77,92.0,26.3,28.6,82.18,0.14,65.75,0.11,7.5,0.67
2025-04-07,07:00,77,294.1,27.4,34.8,80.23,0.44,64.18,0.37,23.6,0.67
2025-04-07,08:00,77,472.1,28.7,40.5,78.43,0.71,62.74,0.59,37.2,0.67
2025-04-07,09:00,77,716.1,29.4,47.3,76.25,1.08,61.0,0.91,55.2,0.67
2025-04-07,10:00,77,853.6,30.2,51.6,74.91,1.29,59.93,1.08,64.9,0.67
2025-04-07,11:00,77,940.5,30.7,54.2,74.07,1.43,59.26,1.2,70.9,0.67
2025-04-07,12:00,77,881.5,30.9,53.0,74.47,1.34,59.57,1.12,66.7,0.67
2025-04-07,13:00,77,811.2,31.0,51.3,75.01,1.23,60.01,1.03,61.8,0.67
2025-04-07,14:00,77,656.9,30.9,47.3,76.26,0.99,61.01,0.83,50.6,0.67
2025-04-07,15:00,77,479.4,30.7,42.6,77.74,0.72,62.19,0.6,37.5,0.67
2025-04-07,16:00,77,250.6,30.0,36.3,79.75,0.37,63.8,0.31,20.0,0.67
2025-04-07,17:00,77,47.5,28.6,29.8,81.8,0.07,65.44,0.06,3.9,0.67
2025-04-08,06:00,77,88.5,25.9,28.1,82.34,0.13,65.87,0.11,7.2,0.67
2025-04-08,07:00,77,293.3,27.6,34.9,80.19,0.44,64.15,0.37,23.5,0.67
2025-04-08,08:00,77,516.1,29.3,42.2,77.87,0.77,62.3,0.65,40.4,0.67
2025-04-08,09:00,77,720.7,30.7,48.7,75.83,1.09,60.66,0.91,55.3,0.67
2025-04-08,10:00,77,787.1,31.8,51.5,74.93,1.19,59.94,1.0,59.9,0.67
2025-04-08,11:00,77,905.5,32.8,55.4,73.7,1.38,58.96,1.15,68.0,0.67
2025-04-08,12:00,77,872.7,33.4,55.2,73.77,1.33,59.02,1.11,65.6,0.67
2025-04-08,13:00,77,740.6,33.6,52.1,74.75,1.12,59.8,0.94,56.2,0.67
2025-04-08,14:00,77,567.4,33.5,47.7,76.13,0.86,60.9,0.72,43.7,0.67
2025-04-08,15:00,77,407.6,33.1,43.3,77.53,0.61,62.03,0.51,31.8,0.67
2025-04-08,16:00,77,202.4,32.3,37.3,79.43,0.3,63.54,0.25,16.1,0.67
2025-04-08,17:00,77,37.3,30.1,31.1,81.41,0.06,65.13,0.05,3.0,0.67
2025-04-09,06:00,77,92.9,25.7,28.0,82.36,0.14,65.89,0.12,7.6,0.67
2025-04-09,07:00,77,280.8,26.8,33.9,80.52,0.42,64.42,0.35,22.6,0.67
2025-04-09,08:00,77,507.8,28.9,41.6,78.06,0.76,62.45,0.64,39.9,0.67
2025-04-09,09:00,77,618.8,30.4,45.9,76.72,0.93,61.38,0.78,47.9,0.67
2025-04-09,10:00,77,774.3,31.2,50.6,75.22,1.17,60.18,0.98,59.1,0.67
2025-04-09,11:00,77,747.0,31.8,50.5,75.25,1.13,60.2,0.95,57.0,0.67
2025-04-09,12:00,77,740.9,32.3,50.8,75.15,1.12,60.12,0.94,56.5,0.67
2025-04-09,13:00,77,639.6,32.4,48.4,75.91,0.97,60.73,0.81,49.1,0.67
2025-04-09,14:00,77,579.9,32.4,46.9,76.38,0.87,61.11,0.73,44.8,0.67
2025-04-09,15:00,77,348.6,32.0,40.7,78.34,0.52,62.67,0.44,27.4,0.67
2025-04-09,16:00,77,170.6,31.2,35.5,80.01,0.25,64.01,0.21,13.6,0.67
2025-04-09,17:00,77,32.9,29.3,30.1,81.7,0.05,65.36,0.04,2.7,0.67
2025-04-10,06:00,77,77.4,25.6,27.5,82.54,0.11,66.03,0.1,6.3,0.67
2025-04-10,07:00,77,241.5,27.5,33.5,80.62,0.36,64.5,0.3,19.4,0.67
2025-04-10,08:00,77,416.7,30.4,40.9,78.3,0.62,62.64,0.52,32.8,0.67
2025-04-10,09:00,77,561.0,32.7,46.7,76.46,0.85,61.17,0.71,43.3,0.67
2025-04-10,10:00,77,644.1,34.0,50.2,75.36,0.97,60.29,0.82,49.2,0.67
2025-04-10,11:00,77,749.0,34.7,53.5,74.32,1.14,59.45,0.95,56.6,0.67
2025-04-10,12:00,77,676.2,34.8,51.7,74.86,1.02,59.89,0.86,51.4,0.67
2025-04-10,13:00,77,467.4,34.6,46.3,76.59,0.7,61.27,0.59,36.2,0.67
2025-04-10,14:00,77,257.6,34.2,40.7,78.37,0.39,62.69,0.32,20.3,0.67
2025-04-10,15:00,77,186.1,33.6,38.2,79.14,0.28,63.31,0.23,14.8,0.67
2025-04-10,16:00,77,72.5,32.7,34.5,80.31,0.11,64.25,0.09,5.8,0.67
2025-04-10,17:00,77,18.7,30.7,31.2,81.38,0.03,65.1,0.02,1.5,0.67
2025-04-11,06:00,77,98.3,25.4,27.9,82.42,0.15,65.93,0.12,8.0,0.67
2025-04-11,07:00,77,298.3,27.9,35.3,80.05,0.44,64.04,0.37,23.9,0.67
2025-04-11,08:00,77,489.0,30.6,42.8,77.68,0.73,62.14,0.62,38.2,0.67
2025-04-11,09:00,77,654.9,32.9,49.2,75.65,0.99,60.52,0.83,50.2,0.67
2025-04-11,10:00,77,799.0,34.5,54.5,74.0,1.21,59.2,1.02,60.2,0.67
2025-04-11,11:00,77,875.8,35.6,57.5,73.03,1.33,58.42,1.12,65.3,0.67
2025-04-11,12:00,77,833.1,36.2,57.0,73.2,1.27,58.56,1.06,62.2,0.67
2025-04-11,13:00,77,710.0,36.3,54.0,74.14,1.08,59.31,0.9,53.6,0.67
2025-04-11,14:00,77,594.9,35.7,50.6,75.22,0.9,60.17,0.75,45.4,0.67
2025-04-11,15:00,77,430.1,35.1,45.9,76.72,0.65,61.37,0.54,33.3,0.67
2025-04-11,16:00,77,208.2,33.7,38.9,78.93,0.31,63.15,0.26,16.5,0.67
2025-04-11,17:00,77,38.5,31.2,32.2,81.06,0.06,64.85,0.05,3.1,0.67
2025-04-12,06:00,77,80.2,25.5,27.5,82.54,0.12,66.04,0.1,6.6,0.67
2025-04-12,07:00,77,240.2,27.1,33.1,80.78,0.36,64.62,0.3,19.3,0.67
2025-04-12,08:00,77,447.1,29.4,40.6,78.39,0.67,62.71,0.56,35.2,0.67
2025-04-12,09:00,77,631.0,31.7,47.4,76.22,0.95,60.98,0.8,48.6,0.67
2025-04-12,10:00,77,714.0,33.3,51.1,75.05,1.08,60.04,0.91,54.4,0.67
2025-04-12,11:00,77,933.0,34.5,57.8,72.95,1.42,58.36,1.19,69.5,0.67
2025-04-12,12:00,77,821.2,35.4,55.9,73.55,1.25,58.84,1.05,61.6,0.67
2025-04-12,13:00,77,752.9,35.9,54.7,73.91,1.14,59.13,0.96,56.7,0.67
2025-04-12,14:00,77,529.0,36.0,49.2,75.67,0.8,60.54,0.67,40.5,0.67
2025-04-12,15:00,77,318.8,35.5,43.5,77.48,0.48,61.98,0.4,24.9,0.67
2025-04-12,16:00,77,187.6,34.5,39.2,78.84,0.28,63.08,0.24,14.8,0.67
2025-04-12,17:00,77,37.2,32.3,33.3,80.71,0.06,64.57,0.05,3.0,0.67
2025-04-13,06:00,77,79.0,26.1,28.1,82.36,0.12,65.89,0.1,6.5,0.67
2025-04-13,07:00,77,231.5,28.1,33.9,80.5,0.34,64.4,0.29,18.6,0.67
2025-04-13,08:00,77,416.5,31.9,42.3,77.84,0.63,62.27,0.52,32.6,0.67
2025-04-13,09:00,77,518.8,34.2,47.2,76.31,0.78,61.05,0.66,40.0,0.67
2025-04-13,10:00,77,687.5,35.7,52.8,74.51,1.04,59.61,0.87,52.1,0.67
2025-04-13,11:00,77,676.0,36.6,53.5,74.29,1.03,59.43,0.86,51.1,0.67
2025-04-13,12:00,77,749.8,37.2,56.0,73.53,1.14,58.82,0.96,56.2,0.67
2025-04-13,13:00,77,606.9,37.5,52.7,74.55,0.92,59.64,0.77,46.0,0.67
2025-04-13,14:00,77,528.9,37.5,50.7,75.2,0.8,60.16,0.67,40.3,0.67
2025-04-13,15:00,77,452.4,36.9,48.2,75.99,0.68,60.8,0.57,34.8,0.67
2025-04-13,16:00,77,219.0,35.6,41.1,78.23,0.33,62.59,0.28,17.2,0.67
2025-04-13,17:00,77,39.7,32.9,33.9,80.52,0.06,64.41,0.05,3.2,0.67
2025-04-14,06:00,77,90.6,26.6,28.8,82.11,0.13,65.69,0.11,7.4,0.67
2025-04-14,07:00,77,272.2,29.0,35.8,79.9,0.41,63.92,0.34,21.7,0.67
2025-04-14,08:00,77,478.8,31.9,43.8,77.36,0.72,61.89,0.6,37.3,0.67
2025-04-14,09:00,77,716.6,33.8,51.7,74.87,1.09,59.9,0.91,54.5,0.67
2025-04-14,10:00,77,803.8,35.3,55.4,73.71,1.22,58.97,1.02,60.4,0.67
2025-04-14,11:00,77,875.4,36.3,58.1,72.83,1.33,58.27,1.12,65.1,0.67
2025-04-14,12:00,77,810.8,36.9,57.2,73.14,1.24,58.51,1.03,60.5,0.67
2025-04-14,13:00,77,631.1,37.1,52.9,74.49,0.96,59.59,0.8,47.8,0.67
2025-04-14,14:00,77,466.2,37.0,48.7,75.83,0.7,60.67,0.59,35.8,0.67
2025-04-14,15:00,77,315.9,36.4,44.3,77.21,0.48,61.77,0.4,24.6,0.67
2025-04-14,16:00,77,159.8,35.2,39.2,78.84,0.24,63.07,0.2,12.6,0.67
2025-04-14,17:00,77,32.7,32.3,33.1,80.75,0.05,64.6,0.04,2.6,0.67
2025-04-15,06:00,77,99.5,26.4,28.9,82.1,0.15,65.68,0.12,8.1,0.67
2025-04-15,07:00,77,307.9,27.5,35.2,80.09,0.46,64.07,0.38,24.6,0.67
2025-04-15,08:00,77,546.5,29.2,42.9,77.67,0.82,62.13,0.69,42.7,0.67
2025-04-15,09:00,77,693.5,30.7,48.0,76.03,1.05,60.83,0.88,53.3,0.67
2025-04-15,10:00,77,873.5,31.8,53.6,74.27,1.33,59.42,1.11,66.0,0.67
2025-04-15,11:00,77,933.5,32.6,55.9,73.54,1.42,58.83,1.19,70.0,0.67
2025-04-15,12:00,77,936.9,33.3,56.7,73.3,1.43,58.64,1.19,70.1,0.67
2025-04-15,13:00,77,772.3,33.9,53.2,74.41,1.17,59.52,0.98,58.4,0.67
2025-04-15,14:00,77,605.8,34.3,49.5,75.58,0.92,60.47,0.77,46.4,0.67
2025-04-15,15:00,77,451.9,34.2,45.5,76.82,0.68,61.46,0.57,35.0,0.67
2025-04-15,16:00,77,229.4,33.2,39.0,78.91,0.34,63.12,0.29,18.2,0.67
2025-04-15,17:00,77,43.8,30.8,31.9,81.15,0.07,64.92,0.05,3.5,0.67
2025-04-16,05:00,77,3.1,25.3,25.4,83.2,0.0,66.56,0.0,0.3,0.67
2025-04-16,06:00,77,109.8,26.4,29.2,82.01,0.16,65.61,0.14,8.9,0.67
2025-04-16,07:00,77,342.4,28.8,37.4,79.4,0.51,63.52,0.43,27.2,0.67
2025-04-16,08:00,77,555.5,30.9,44.8,77.06,0.84,61.65,0.7,43.2,0.67
2025-04-16,09:00,77,774.8,32.6,52.0,74.78,1.17,59.82,0.98,58.8,0.67
2025-04-16,10:00,77,887.5,34.3,56.5,73.36,1.35,58.69,1.13,66.4,0.67
2025-04-16,11:00,77,953.5,35.8,59.6,72.36,1.46,57.89,1.22,70.6,0.67
2025-04-16,12:00,77,910.2,36.8,59.6,72.38,1.39,57.9,1.16,67.4,0.67
2025-04-16,13:00,77,803.5,37.4,57.5,73.03,1.22,58.42,1.03,59.9,0.67
2025-04-16,14:00,77,556.2,37.4,51.3,74.99,0.84,59.99,0.71,42.3,0.67
2025-04-16,15:00,77,304.9,37.0,44.6,77.12,0.46,61.69,0.38,23.7,0.67
2025-04-16,16:00,77,167.9,35.7,39.9,78.6,0.25,62.88,0.21,13.2,0.67
2025-04-16,17:00,77,35.5,33.0,33.9,80.51,0.05,64.41,0.04,2.9,0.67
2025-04-17,05:00,77,2.9,25.9,25.9,83.03,0.0,66.42,0.0,0.2,0.67
2025-04-17,06:00,77,94.9,26.7,29.1,82.03,0.14,65.63,0.12,7.7,0.67
2025-04-17,07:00,77,293.4,29.1,36.4,79.71,0.44,63.77,0.37,23.4,0.67
2025-04-17,08:00,77,488.4,31.3,43.6,77.45,0.73,61.96,0.61,38.1,0.67
2025-04-17,09:00,77,678.9,33.2,50.2,75.35,1.03,60.28,0.86,51.9,0.67
2025-04-17,10:00,77,839.4,34.7,55.7,73.6,1.28,58.88,1.07,63.0,0.67
2025-04-17,11:00,77,928.6,35.7,58.9,72.59,1.42,58.07,1.19,68.9,0.67
2025-04-17,12:00,77,830.6,36.2,56.9,73.21,1.27,58.57,1.06,62.1,0.67
2025-04-17,13:00,77,726.7,36.3,54.5,74.0,1.1,59.2,0.92,54.7,0.67
2025-04-17,14:00,77,517.2,36.1,49.1,75.71,0.78,60.57,0.65,39.7,0.67
2025-04-17,15:00,77,341.9,35.6,44.2,77.25,0.51,61.8,0.43,26.6,0.67
2025-04-17,16:00,77,164.3,34.6,38.7,78.99,0.25,63.19,0.21,13.0,0.67
2025-04-17,17:00,77,31.8,32.6,33.4,80.66,0.05,64.53,0.04,2.6,0.67
2025-04-18,05:00,77,2.7,26.0,26.1,82.99,0.0,66.39,0.0,0.2,0.67
2025-04-18,06:00,77,82.5,26.9,28.9,82.08,0.12,65.67,0.1,6.7,0.67
2025-04-18,07:00,77,274.3,29.3,36.1,79.8,0.41,63.84,0.34,21.9,0.67
2025-04-18,08:00,77,489.9,31.9,44.2,77.25,0.74,61.8,0.62,38.1,0.67
2025-04-18,09:00,77,700.8,33.7,51.2,75.03,1.06,60.02,0.89,53.4,0.67
2025-04-18,10:00,77,766.9,35.0,54.2,74.08,1.16,59.27,0.98,57.8,0.67
2025-04-18,11:00,77,835.3,36.0,56.9,73.22,1.27,58.57,1.07,62.4,0.67
2025-04-18,12:00,77,799.7,36.7,56.7,73.31,1.22,58.64,1.02,59.8,0.67
2025-04-18,13:00,77,686.7,36.9,54.1,74.12,1.04,59.29,0.87,51.8,0.67
2025-04-18,14:00,77,602.0,37.0,52.0,74.78,0.91,59.82,0.76,45.7,0.67
2025-04-18,15:00,77,393.1,36.5,46.3,76.59,0.59,61.27,0.5,30.4,0.67
2025-04-18,16:00,77,187.6,35.3,40.0,78.58,0.28,62.86,0.24,14.8,0.67
2025-04-18,17:00,77,34.1,32.9,33.7,80.56,0.05,64.45,0.04,2.7,0.67
2025-04-19,05:00,77,3.2,25.8,25.9,83.04,0.0,66.43,0.0,0.3,0.67
2025-04-19,06:00,77,92.4,27.0,29.3,81.98,0.14,65.58,0.11,7.5,0.67
2025-04-19,07:00,77,287.8,29.0,36.2,79.77,0.43,63.82,0.36,23.0,0.67
2025-04-19,08:00,77,499.5,31.7,44.2,77.24,0.75,61.79,0.63,38.9,0.67
2025-04-19,09:00,77,653.3,33.8,50.1,75.39,0.99,60.31,0.83,49.9,0.67
2025-04-19,10:00,77,685.5,35.1,52.3,74.7,1.04,59.76,0.87,52.0,0.67
2025-04-19,11:00,77,803.5,36.1,56.2,73.46,1.22,58.77,1.02,60.2,0.67
2025-04-19,12:00,77,725.0,36.5,54.7,73.93,1.1,59.15,0.92,54.6,0.67
2025-04-19,13:00,77,642.5,36.6,52.6,74.58,0.97,59.66,0.82,48.7,0.67
2025-04-19,14:00,77,530.5,36.3,49.6,75.55,0.8,60.44,0.67,40.6,0.67
2025-04-19,15:00,77,336.2,35.6,44.0,77.31,0.51,61.85,0.42,26.2,0.67
2025-04-19,16:00,77,159.1,34.3,38.3,79.13,0.24,63.3,0.2,12.6,0.67
2025-04-19,17:00,77,32.8,32.1,32.9,80.82,0.05,64.66,0.04,2.6,0.67
2025-04-20,05:00,77,3.2,25.8,25.8,83.06,0.0,66.45,0.0,0.3,0.67
2025-04-20,06:00,77,90.4,26.4,28.7,82.15,0.13,65.72,0.11,7.4,0.67
2025-04-20,07:00,77,269.0,28.4,35.1,80.13,0.4,64.1,0.34,21.5,0.67
2025-04-20,08:00,77,457.9,30.8,42.3,77.85,0.69,62.28,0.58,35.9,0.67
2025-04-20,09:00,77,703.4,32.4,50.0,75.4,1.06,60.32,0.89,53.8,0.67
2025-04-20,10:00,77,805.9,33.3,53.5,74.31,1.22,59.45,1.02,60.9,0.67
2025-04-20,11:00,77,866.7,33.9,55.6,73.65,1.32,58.92,1.1,65.1,0.67
2025-04-20,12:00,77,812.1,34.2,54.5,73.97,1.23,59.18,1.03,61.2,0.67
2025-04-20,13:00,77,760.4,34.3,53.3,74.35,1.15,59.48,0.97,57.5,0.67
2025-04-20,14:00,77,656.9,34.2,50.7,75.21,0.99,60.16,0.83,50.1,0.67
2025-04-20,15:00,77,447.8,34.0,45.2,76.92,0.67,61.53,0.56,34.8,0.67
2025-04-20,16:00,77,212.6,33.5,38.8,78.95,0.32,63.16,0.27,16.8,0.67
2025-04-20,17:00,77,35.0,31.9,32.8,80.87,0.05,64.7,0.04,2.8,0.67
2025-04-21,05:00,77,3.5,25.5,25.6,83.13,0.01,66.51,0.0,0.3,0.67
2025-04-21,06:00,77,95.2,26.7,29.0,82.05,0.14,65.64,0.12,7.8,0.67
2025-04-21,07:00,77,293.5,28.3,35.6,79.96,0.44,63.97,0.37,23.5,0.67
2025-04-21,08:00,77,508.5,31.5,44.2,77.26,0.76,61.81,0.64,39.6,0.67
2025-04-21,09:00,77,732.9,33.1,51.5,74.95,1.11,59.96,0.93,55.8,0.67
2025-04-21,10:00,77,776.4,34.3,53.7,74.24,1.18,59.4,0.99,58.6,0.67
2025-04-21,11:00,77,800.3,35.1,55.1,73.79,1.22,59.03,1.02,60.2,0.67
2025-04-21,12:00,77,760.1,35.8,54.8,73.9,1.16,59.12,0.97,57.2,0.67
2025-04-21,13:00,77,683.6,36.1,53.2,74.41,1.04,59.53,0.87,51.7,0.67
2025-04-21,14:00,77,528.9,36.1,49.4,75.61,0.8,60.49,0.67,40.5,0.67
2025-04-21,15:00,77,361.4,35.7,44.7,77.09,0.54,61.67,0.46,28.1,0.67
2025-04-21,16:00,77,184.2,34.6,39.2,78.82,0.28,63.06,0.23,14.6,0.67
2025-04-21,17:00,77,40.8,32.4,33.5,80.65,0.06,64.52,0.05,3.3,0.67
2025-04-22,05:00,77,3.1,26.0,26.0,83.0,0.0,66.4,0.0,0.3,0.67
2025-04-22,06:00,77,86.5,27.1,29.3,81.97,0.13,65.58,0.11,7.0,0.67
2025-04-22,07:00,77,249.5,29.3,35.6,79.98,0.37,63.99,0.31,19.9,0.67
2025-04-22,08:00,77,431.3,31.4,42.1,77.9,0.65,62.32,0.54,33.8,0.67
2025-04-22,09:00,77,663.2,32.9,49.5,75.57,1.0,60.46,0.84,50.8,0.67
2025-04-22,10:00,77,741.0,34.2,52.7,74.55,1.12,59.64,0.94,56.1,0.67
2025-04-22,11:00,77,811.2,35.2,55.5,73.68,1.23,58.94,1.03,60.9,0.67
2025-04-22,12:00,77,740.4,35.8,54.3,74.05,1.12,59.24,0.94,55.8,0.67
2025-04-22,13:00,77,681.9,36.0,53.0,74.45,1.03,59.56,0.87,51.6,0.67
2025-04-22,14:00,77,586.5,35.7,50.4,75.29,0.89,60.23,0.74,44.8,0.67
2025-04-22,15:00,77,244.7,35.1,41.2,78.2,0.37,62.56,0.31,19.2,0.67
2025-04-22,16:00,77,139.4,34.1,37.6,79.35,0.21,63.48,0.17,11.1,0.67
2025-04-22,17:00,77,25.1,32.0,32.6,80.93,0.04,64.74,0.03,2.0,0.67
2025-04-23,05:00,77,3.7,25.4,25.5,83.18,0.01,66.55,0.0,0.3,0.67
2025-04-23,06:00,77,98.2,26.2,28.7,82.16,0.15,65.73,0.12,8.0,0.67
2025-04-23,07:00,77,293.3,27.9,35.2,80.09,0.44,64.07,0.37,23.5,0.67
2025-04-23,08:00,77,519.5,31.1,44.1,77.29,0.78,61.83,0.65,40.5,0.67
2025-04-23,09:00,77,632.2,33.1,48.9,75.75,0.96,60.6,0.8,48.5,0.67
2025-04-23,10:00,77,658.6,34.6,51.1,75.07,1.0,60.05,0.84,50.2,0.67
2025-04-23,11:00,77,780.6,35.7,55.2,73.75,1.19,59.0,0.99,58.7,0.67
2025-04-23,12:00,77,724.6,36.6,54.7,73.93,1.1,59.14,0.92,54.5,0.67
2025-04-23,13:00,77,653.8,37.0,53.3,74.36,0.99,59.48,0.83,49.4,0.67
2025-04-23,14:00,77,470.7,37.0,48.8,75.8,0.71,60.64,0.6,36.1,0.67
2025-04-23,15:00,77,346.6,36.5,45.1,76.95,0.52,61.56,0.44,26.9,0.67
2025-04-23,16:00,77,184.8,35.1,39.7,78.66,0.28,62.93,0.23,14.6,0.67
2025-04-23,17:00,77,38.1,32.3,33.3,80.72,0.06,64.57,0.05,3.1,0.67
2025-04-24,05:00,77,4.0,25.9,26.0,83.02,0.01,66.41,0.0,0.3,0.67
2025-04-24,06:00,77,104.2,26.6,29.3,81.98,0.15,65.58,0.13,8.5,0.67
2025-04-24,07:00,77,321.6,28.8,36.9,79.58,0.48,63.66,0.4,25.6,0.67
2025-04-24,08:00,77,549.3,31.6,45.4,76.88,0.83,61.5,0.69,42.6,0.67
2025-04-24,09:00,77,682.9,33.7,50.8,75.17,1.03,60.14,0.87,52.1,0.67
2025-04-24,10:00,77,793.9,35.2,55.0,73.82,1.21,59.06,1.01,59.7,0.67
2025-04-24,11:00,77,850.0,36.2,57.4,73.06,1.3,58.45,1.08,63.4,0.67
2025-04-24,12:00,77,738.3,36.7,55.1,73.78,1.12,59.03,0.94,55.5,0.67
2025-04-24,13:00,77,677.4,36.7,53.6,74.26,1.03,59.41,0.86,51.2,0.67
2025-04-24,14:00,77,519.5,36.0,49.0,75.73,0.79,60.58,0.66,39.8,0.67
2025-04-24,15:00,77,353.9,35.2,44.1,77.29,0.53,61.83,0.45,27.6,0.67
2025-04-24,16:00,77,178.6,34.2,38.7,79.0,0.27,63.2,0.22,14.1,0.67
2025-04-24,17:00,77,35.6,32.4,33.3,80.72,0.05,64.57,0.04,2.9,0.67
2025-04-25,05:00,77,3.9,26.9,27.0,82.68,0.01,66.14,0.0,0.3,0.67
2025-04-25,06:00,77,94.8,28.0,30.3,81.64,0.14,65.31,0.12,7.7,0.67
2025-04-25,07:00,77,292.5,29.4,36.7,79.61,0.44,63.69,0.37,23.3,0.67
2025-04-25,08:00,77,501.4,31.2,43.8,77.39,0.75,61.91,0.63,39.1,0.67
2025-04-25,09:00,77,636.0,32.4,48.3,75.96,0.96,60.77,0.8,48.9,0.67
2025-04-25,10:00,77,717.0,33.1,51.0,75.1,1.09,60.08,0.91,54.6,0.67
2025-04-25,11:00,77,800.1,33.5,53.5,74.29,1.21,59.43,1.02,60.5,0.67
2025-04-25,12:00,77,671.0,33.8,50.6,75.22,1.02,60.18,0.85,51.2,0.67
2025-04-25,13:00,77,569.4,33.9,48.1,76.01,0.86,60.8,0.72,43.8,0.67
2025-04-25,14:00,77,424.6,33.9,44.5,77.14,0.64,61.71,0.54,33.0,0.67
2025-04-25,15:00,77,256.4,33.5,39.9,78.6,0.38,62.88,0.32,20.2,0.67
2025-04-25,16:00,77,136.3,32.9,36.3,79.75,0.2,63.8,0.17,10.9,0.67
2025-04-25,17:00,77,33.5,31.3,32.1,81.07,0.05,64.86,0.04,2.7,0.67
2025-04-26,05:00,77,4.3,27.2,27.4,82.58,0.01,66.07,0.01,0.4,0.67
2025-04-26,06:00,77,97.1,28.0,30.4,81.61,0.14,65.28,0.12,7.9,0.67
2025-04-26,07:00,77,283.2,29.3,36.4,79.72,0.42,63.77,0.35,22.6,0.67
2025-04-26,08:00,77,463.9,30.7,42.3,77.84,0.7,62.28,0.58,36.3,0.67
2025-04-26,09:00,77,619.2,31.8,47.2,76.28,0.93,61.03,0.78,47.7,0.67
2025-04-26,10:00,77,678.3,32.6,49.5,75.56,1.03,60.45,0.86,51.9,0.67
2025-04-26,11:00,77,812.6,33.1,53.4,74.33,1.23,59.47,1.03,61.4,0.67
2025-04-26,12:00,77,773.2,33.2,52.6,74.6,1.17,59.68,0.98,58.6,0.67
2025-04-26,13:00,77,494.4,33.1,45.5,76.83,0.74,61.47,0.62,38.3,0.67
2025-04-26,14:00,77,461.9,33.1,44.7,77.09,0.7,61.68,0.58,35.9,0.67
2025-04-26,15:00,77,280.7,33.1,40.1,78.55,0.42,62.84,0.35,22.1,0.67
2025-04-26,16:00,77,138.2,32.7,36.2,79.79,0.21,63.83,0.17,11.0,0.67
2025-04-26,17:00,77,29.7,31.6,32.3,81.01,0.04,64.81,0.04,2.4,0.67
2025-04-27,05:00,77,4.8,26.6,26.7,82.78,0.01,66.22,0.01,0.4,0.67
2025-04-27,06:00,77,115.0,27.6,30.5,81.59,0.17,65.27,0.14,9.3,0.67
2025-04-27,07:00,77,314.2,28.7,36.6,79.67,0.47,63.74,0.39,25.0,0.67
2025-04-27,08:00,77,513.4,30.1,43.0,77.63,0.77,62.11,0.65,40.1,0.67
2025-04-27,09:00,77,669.6,31.5,48.2,75.97,1.01,60.78,0.85,51.5,0.67
2025-04-27,10:00,77,813.4,32.5,52.8,74.52,1.23,59.62,1.03,61.6,0.67
2025-04-27,11:00,77,830.0,33.1,53.9,74.18,1.26,59.34,1.06,62.6,0.67
2025-04-27,12:00,77,754.5,33.6,52.5,74.62,1.14,59.69,0.96,57.2,0.67
2025-04-27,13:00,77,650.2,34.0,50.2,75.35,0.98,60.28,0.82,49.7,0.67
2025-04-27,14:00,77,497.5,33.9,46.3,76.57,0.75,61.26,0.63,38.5,0.67
2025-04-27,15:00,77,316.1,33.5,41.4,78.13,0.47,62.5,0.4,24.8,0.67
2025-04-27,16:00,77,154.6,32.5,36.3,79.74,0.23,63.79,0.19,12.3,0.67
2025-04-27,17:00,77,28.8,30.4,31.2,81.38,0.04,65.1,0.04,2.3,0.67
2025-04-28,05:00,77,4.6,25.9,26.0,83.02,0.01,66.42,0.01,0.4,0.67
2025-04-28,06:00,77,102.0,26.9,29.5,81.91,0.15,65.53,0.13,8.3,0.67
2025-04-28,07:00,77,291.1,28.3,35.6,79.98,0.43,63.99,0.36,23.3,0.67
2025-04-28,08:00,77,500.9,29.4,41.9,77.97,0.75,62.38,0.63,39.3,0.67
2025-04-28,09:00,77,590.7,30.7,45.5,76.85,0.89,61.48,0.75,45.8,0.67
2025-04-28,10:00,77,748.7,31.6,50.3,75.31,1.13,60.25,0.95,57.2,0.67
2025-04-28,11:00,77,793.4,32.1,51.9,74.8,1.2,59.84,1.01,60.3,0.67
2025-04-28,12:00,77,723.8,32.3,50.4,75.27,1.1,60.22,0.92,55.2,0.67
2025-04-28,13:00,77,615.0,32.3,47.7,76.15,0.93,60.92,0.78,47.4,0.67
2025-04-28,14:00,77,409.1,32.0,42.3,77.86,0.61,62.29,0.51,32.0,0.67
2025-04-28,15:00,77,265.3,31.7,38.4,79.09,0.4,63.27,0.33,21.0,0.67
2025-04-28,16:00,77,139.6,31.2,34.7,80.27,0.21,64.21,0.17,11.2,0.67
2025-04-28,17:00,77,27.9,29.8,30.5,81.59,0.04,65.27,0.03,2.3,0.67
2025-04-29,05:00,77,5.4,26.3,26.5,82.86,0.01,66.29,0.01,0.4,0.67
2025-04-29,06:00,77,123.6,27.5,30.6,81.56,0.18,65.24,0.15,10.0,0.67
2025-04-29,07:00,77,345.4,29.5,38.1,79.18,0.52,63.35,0.43,27.4,0.67
2025-04-29,08:00,77,545.3,31.3,44.9,77.02,0.82,61.61,0.69,42.4,0.67
2025-04-29,09:00,77,724.0,32.9,51.0,75.1,1.1,60.08,0.92,55.2,0.67
2025-04-29,10:00,77,809.7,34.1,54.3,74.04,1.23,59.23,1.03,61.0,0.67
2025-04-29,11:00,77,849.8,34.9,56.1,73.48,1.29,58.78,1.08,63.7,0.67
2025-04-29,12:00,77,813.7,34.9,55.2,73.77,1.24,59.01,1.04,61.1,0.67
2025-04-29,13:00,77,622.1,34.5,50.0,75.4,0.94,60.32,0.79,47.6,0.67
2025-04-29,14:00,77,404.1,34.0,44.1,77.29,0.61,61.83,0.51,31.5,0.67
2025-04-29,15:00,77,252.6,33.2,39.5,78.72,0.38,62.98,0.32,20.0,0.67
2025-04-29,16:00,77,138.3,32.2,35.7,79.95,0.21,63.96,0.17,11.1,0.67
2025-04-29,17:00,77,27.8,30.7,31.4,81.31,0.04,65.05,0.03,2.2,0.67
2025-04-30,05:00,77,5.3,26.1,26.2,82.94,0.01,66.35,0.01,0.4,0.67
2025-04-30,06:00,77,114.5,27.0,29.9,81.78,0.17,65.42,0.14,9.3,0.67
2025-04-30,07:00,77,313.7,28.1,35.9,79.88,0.47,63.9,0.39,25.1,0.67
2025-04-30,08:00,77,516.4,29.4,42.3,77.86,0.78,62.29,0.65,40.4,0.67
2025-04-30,09:00,77,628.8,30.7,46.4,76.55,0.95,61.24,0.79,48.6,0.67
2025-04-30,10:00,77,786.0,31.6,51.3,75.01,1.19,60.01,1.0,59.8,0.67
2025-04-30,11:00,77,830.1,31.8,52.6,74.59,1.26,59.68,1.05,62.9,0.67
2025-04-30,12:00,77,738.0,32.0,50.5,75.25,1.12,60.2,0.94,56.3,0.67
2025-04-30,13:00,77,654.6,32.4,48.7,75.82,0.99,60.65,0.83,50.2,0.67
2025-04-30,14:00,77,529.3,32.3,45.5,76.83,0.8,61.47,0.67,41.0,0.67
2025-04-30,15:00,77,340.5,32.0,40.5,78.41,0.51,62.73,0.43,26.8,0.67
2025-04-30,16:00,77,175.8,31.4,35.8,79.92,0.26,63.93,0.22,14.0,0.67
2025-04-30,17:00,77,37.4,29.9,30.9,81.47,0.06,65.18,0.05,3.0,0.67
2025-05-01,05:00,77,4.2,25.7,25.8,83.07,0.01,66.46,0.01,0.3,0.67
2025-05-01,06:00,77,89.9,26.8,29.0,82.06,0.13,65.65,0.11,7.3,0.67
2025-05-01,07:00,77,256.7,28.3,34.7,80.26,0.38,64.21,0.32,20.6,0.67
2025-05-01,08:00,77,438.6,30.0,41.0,78.27,0.66,62.61,0.55,34.5,0.67
2025-05-01,09:00,77,570.8,31.5,45.8,76.74,0.86,61.39,0.72,44.2,0.67
2025-05-01,10:00,77,733.8,32.8,51.2,75.05,1.11,60.04,0.93,55.9,0.67
2025-05-01,11:00,77,747.0,33.7,52.4,74.65,1.13,59.72,0.95,56.7,0.67
2025-05-01,12:00,77,699.9,34.4,51.9,74.82,1.06,59.86,0.89,53.2,0.67
2025-05-01,13:00,77,651.9,34.7,51.0,75.09,0.99,60.07,0.83,49.7,0.67
2025-05-01,14:00,77,466.4,34.8,46.4,76.55,0.7,61.24,0.59,36.1,0.67
2025-05-01,15:00,77,321.7,34.4,42.4,77.8,0.48,62.24,0.4,25.2,0.67
2025-05-01,16:00,77,161.1,33.4,37.5,79.38,0.24,63.51,0.2,12.8,0.67
2025-05-01,17:00,77,39.2,31.3,32.3,81.01,0.06,64.81,0.05,3.2,0.67
2025-05-02,05:00,77,5.1,25.8,26.0,83.02,0.01,66.42,0.01,0.4,0.67
2025-05-02,06:00,77,105.5,27.3,30.0,81.76,0.16,65.41,0.13,8.6,0.67
2025-05-02,07:00,77,305.2,29.4,37.0,79.52,0.46,63.61,0.38,24.3,0.67
2025-05-02,08:00,77,479.7,31.4,43.4,77.49,0.72,61.99,0.6,37.4,0.67
2025-05-02,09:00,77,685.7,32.6,49.7,75.49,1.04,60.39,0.87,52.5,0.67
2025-05-02,10:00,77,774.2,33.1,52.5,74.63,1.17,59.71,0.98,58.7,0.67
2025-05-02,11:00,77,867.5,33.5,55.2,73.76,1.32,59.01,1.1,65.2,0.67
2025-05-02,12:00,77,802.3,33.9,53.9,74.17,1.22,59.34,1.02,60.6,0.67
2025-05-02,13:00,77,649.8,33.9,50.1,75.37,0.98,60.3,0.82,49.7,0.67
2025-05-02,14:00,77,460.2,33.9,45.4,76.88,0.69,61.51,0.58,35.7,0.67
2025-05-02,15:00,77,293.9,33.6,40.9,78.29,0.44,62.63,0.37,23.1,0.67
2025-05-02,16:00,77,140.4,32.8,36.3,79.74,0.21,63.79,0.18,11.2,0.67
2025-05-02,17:00,77,28.3,31.3,32.0,81.12,0.04,64.9,0.04,2.3,0.67
2025-05-03,05:00,77,5.5,27.0,27.2,82.64,0.01,66.11,0.01,0.5,0.67
2025-05-03,06:00,77,118.5,27.8,30.8,81.49,0.18,65.19,0.15,9.6,0.67
2025-05-03,07:00,77,340.1,29.0,37.5,79.36,0.51,63.49,0.43,27.0,0.67
2025-05-03,08:00,77,539.4,30.6,44.1,77.27,0.81,61.82,0.68,42.0,0.67
2025-05-03,09:00,77,756.9,32.3,51.2,75.03,1.15,60.02,0.96,57.6,0.67
2025-05-03,10:00,77,866.4,33.4,55.0,73.82,1.32,59.06,1.1,65.1,0.67
2025-05-03,11:00,77,943.4,34.3,57.9,72.92,1.44,58.33,1.2,70.3,0.67
2025-05-03,12:00,77,880.0,34.9,56.9,73.22,1.34,58.58,1.12,65.8,0.67
2025-05-03,13:00,77,771.9,35.2,54.5,73.98,1.17,59.19,0.98,58.1,0.67
2025-05-03,14:00,77,569.1,35.2,49.4,75.59,0.86,60.47,0.72,43.6,0.67
2025-05-03,15:00,77,390.8,34.9,44.7,77.1,0.59,61.68,0.49,30.4,0.67
2025-05-03,16:00,77,217.0,34.0,39.5,78.74,0.32,63.0,0.27,17.1,0.67
2025-05-03,17:00,77,41.2,32.0,33.0,80.79,0.06,64.63,0.05,3.3,0.67
2025-05-04,05:00,77,5.2,27.0,27.1,82.65,0.01,66.12,0.01,0.4,0.67
2025-05-04,06:00,77,108.4,28.3,31.0,81.43,0.16,65.14,0.13,8.8,0.67
2025-05-04,07:00,77,318.9,30.1,38.0,79.2,0.48,63.36,0.4,25.3,0.67
2025-05-04,08:00,77,544.1,32.1,45.7,76.77,0.82,61.41,0.69,42.2,0.67
2025-05-04,09:00,77,723.8,33.7,51.8,74.85,1.1,59.88,0.92,55.0,0.67
2025-05-04,10:00,77,857.2,34.7,56.1,73.48,1.3,58.79,1.09,64.2,0.67
2025-05-04,11:00,77,935.9,35.3,58.7,72.67,1.43,58.13,1.2,69.5,0.67
2025-05-04,12:00,77,852.6,35.7,57.0,73.2,1.3,58.56,1.09,63.7,0.67
2025-05-04,13:00,77,746.3,35.9,54.5,73.97,1.13,59.18,0.95,56.2,0.67
2025-05-04,14:00,77,494.8,35.9,48.3,75.95,0.75,60.76,0.63,38.0,0.67
2025-05-04,15:00,77,293.9,35.8,43.2,77.58,0.44,62.06,0.37,23.0,0.67
2025-05-04,16:00,77,140.7,35.2,38.8,78.97,0.21,63.18,0.18,11.1,0.67
2025-05-04,17:00,77,30.3,33.3,34.0,80.46,0.05,64.37,0.04,2.4,0.67
2025-05-05,05:00,77,5.7,26.9,27.0,82.69,0.01,66.15,0.01,0.5,0.67
2025-05-05,06:00,77,115.8,27.8,30.6,81.54,0.17,65.23,0.14,9.4,0.67
2025-05-05,07:00,77,325.0,29.0,37.1,79.5,0.49,63.6,0.41,25.9,0.67
2025-05-05,08:00,77,517.3,30.7,43.7,77.42,0.78,61.93,0.65,40.3,0.67
2025-05-05,09:00,77,725.7,32.0,50.1,75.38,1.1,60.3,0.92,55.5,0.67
2025-05-05,10:00,77,868.9,32.8,54.5,73.98,1.32,59.18,1.11,65.4,0.67
2025-05-05,11:00,77,923.9,33.7,56.8,73.27,1.41,58.61,1.18,69.1,0.67
2025-05-05,12:00,77,859.4,34.3,55.8,73.57,1.31,58.85,1.1,64.5,0.67
2025-05-05,13:00,77,718.6,34.6,52.6,74.59,1.09,59.67,0.91,54.5,0.67
2025-05-05,14:00,77,531.0,34.4,47.7,76.14,0.8,60.91,0.67,40.9,0.67
2025-05-05,15:00,77,327.7,33.9,42.1,77.92,0.49,62.34,0.41,25.7,0.67
2025-05-05,16:00,77,161.2,33.0,37.1,79.5,0.24,63.6,0.2,12.8,0.67
2025-05-05,17:00,77,30.5,31.4,32.2,81.05,0.05,64.84,0.04,2.5,0.67
2025-05-06,05:00,77,5.8,25.6,25.7,83.1,0.01,66.48,0.01,0.5,0.67
2025-05-06,06:00,77,114.3,27.3,30.2,81.69,0.17,65.35,0.14,9.3,0.67
2025-05-06,07:00,77,328.8,29.7,37.9,79.25,0.49,63.4,0.41,26.1,0.67
2025-05-06,08:00,77,533.1,32.7,46.0,76.68,0.8,61.35,0.67,41.3,0.67
2025-05-06,09:00,77,699.6,34.5,52.0,74.77,1.06,59.82,0.89,53.1,0.67
2025-05-06,10:00,77,832.6,35.8,56.6,73.31,1.27,58.65,1.06,62.3,0.67
2025-05-06,11:00,77,874.4,36.7,58.6,72.7,1.33,58.16,1.12,65.0,0.67
2025-05-06,12:00,77,669.5,37.1,53.9,74.18,1.02,59.35,0.85,50.5,0.67
2025-05-06,13:00,77,586.5,37.1,51.8,74.84,0.89,59.87,0.74,44.6,0.67
2025-05-06,14:00,77,436.6,36.6,47.5,76.19,0.66,60.95,0.55,33.6,0.67
2025-05-06,15:00,77,293.1,35.5,42.8,77.68,0.44,62.14,0.37,22.9,0.67
2025-05-06,16:00,77,141.4,34.3,37.8,79.28,0.21,63.42,0.18,11.2,0.67
2025-05-06,17:00,77,28.4,32.3,33.0,80.8,0.04,64.64,0.04,2.3,0.67
2025-05-07,05:00,77,5.5,26.1,26.2,82.94,0.01,66.35,0.01,0.5,0.67
2025-05-07,06:00,77,93.7,26.9,29.2,81.99,0.14,65.59,0.12,7.6,0.67
2025-05-07,07:00,77,262.8,28.0,34.6,80.3,0.39,64.24,0.33,21.1,0.67
2025-05-07,08:00,77,449.0,29.9,41.1,78.22,0.67,62.57,0.56,35.3,0.67
2025-05-07,09:00,77,577.5,31.5,45.9,76.7,0.87,61.36,0.73,44.7,0.67
2025-05-07,10:00,77,738.1,32.4,50.9,75.13,1.12,60.11,0.94,56.3,0.67
2025-05-07,11:00,77,871.9,32.9,54.7,73.93,1.33,59.14,1.11,65.6,0.67
2025-05-07,12:00,77,790.2,33.0,52.8,74.53,1.2,59.62,1.0,59.9,0.67
2025-05-07,13:00,77,688.2,33.0,50.2,75.36,1.04,60.29,0.87,52.6,0.67
2025-05-07,14:00,77,446.9,32.7,43.9,77.35,0.67,61.88,0.56,34.8,0.67
2025-05-07,15:00,77,197.8,32.3,37.2,79.45,0.3,63.56,0.25,15.7,0.67
2025-05-07,16:00,77,102.0,31.4,34.0,80.48,0.15,64.39,0.13,8.2,0.67
2025-05-07,17:00,77,23.1,29.7,30.3,81.65,0.03,65.32,0.03,1.9,0.67
2025-05-08,05:00,77,6.4,24.6,24.8,83.39,0.01,66.71,0.01,0.5,0.67
2025-05-08,06:00,77,122.6,26.3,29.3,81.95,0.18,65.56,0.15,10.0,0.67
2025-05-08,07:00,77,338.6,29.0,37.5,79.38,0.51,63.5,0.42,26.9,0.67
2025-05-08,08:00,77,537.7,32.1,45.5,76.83,0.81,61.46,0.68,41.7,0.67
2025-05-08,09:00,77,709.2,34.0,51.7,74.88,1.07,59.9,0.9,53.9,0.67
2025-05-08,10:00,77,804.3,35.4,55.5,73.67,1.22,58.94,1.02,60.4,0.67
2025-05-08,11:00,77,937.4,36.4,59.9,72.29,1.43,57.83,1.2,69.4,0.67
2025-05-08,12:00,77,865.1,37.1,58.7,72.65,1.32,58.12,1.11,64.2,0.67
2025-05-08,13:00,77,771.2,37.3,56.6,73.33,1.17,58.67,0.98,57.7,0.67
2025-05-08,14:00,77,581.1,36.7,51.2,75.03,0.88,60.03,0.74,44.2,0.67
2025-05-08,15:00,77,386.1,35.9,45.6,76.82,0.58,61.45,0.49,29.9,0.67
2025-05-08,16:00,77,204.9,34.7,39.8,78.63,0.31,62.9,0.26,16.2,0.67
2025-05-08,17:00,77,40.6,33.0,34.0,80.47,0.06,64.38,0.05,3.3,0.67
2025-05-09,05:00,77,6.8,26.3,26.5,82.85,0.01,66.28,0.01,0.6,0.67
2025-05-09,06:00,77,131.5,27.5,30.8,81.49,0.2,65.19,0.16,10.7,0.67
2025-05-09,07:00,77,354.1,29.6,38.4,79.07,0.53,63.26,0.44,28.1,0.67
2025-05-09,08:00,77,570.0,32.3,46.6,76.49,0.86,61.19,0.72,44.1,0.67
2025-05-09,09:00,77,760.9,34.1,53.1,74.42,1.15,59.54,0.97,57.6,0.67
2025-05-09,10:00,77,891.6,35.1,57.4,73.07,1.36,58.45,1.14,66.5,0.67
2025-05-09,11:00,77,979.5,35.8,60.3,72.15,1.5,57.72,1.25,72.4,0.67
2025-05-09,12:00,77,956.6,36.1,60.0,72.25,1.46,57.8,1.22,70.7,0.67
2025-05-09,13:00,77,839.0,35.9,56.9,73.24,1.28,58.59,1.07,62.7,0.67
2025-05-09,14:00,77,668.7,35.2,51.9,74.81,1.01,59.85,0.85,50.8,0.67
2025-05-09,15:00,77,478.3,34.5,46.5,76.53,0.72,61.22,0.6,37.0,0.67
2025-05-09,16:00,77,244.1,33.5,39.6,78.7,0.37,62.96,0.31,19.3,0.67
2025-05-09,17:00,77,51.5,31.9,33.2,80.74,0.08,64.59,0.06,4.1,0.67
2025-05-10,05:00,77,6.2,27.0,27.1,82.66,0.01,66.13,0.01,0.5,0.67
2025-05-10,06:00,77,130.2,27.6,30.9,81.46,0.19,65.17,0.16,10.6,0.67
2025-05-10,07:00,77,345.2,29.2,37.8,79.27,0.52,63.41,0.43,27.4,0.67
2025-05-10,08:00,77,586.6,31.0,45.6,76.79,0.88,61.44,0.74,45.5,0.67
2025-05-10,09:00,77,766.5,32.6,51.7,74.87,1.16,59.89,0.97,58.3,0.67
2025-05-10,10:00,77,903.9,34.1,56.7,73.29,1.38,58.63,1.15,67.6,0.67
2025-05-10,11:00,77,975.2,35.5,59.9,72.28,1.49,57.82,1.25,72.1,0.67
2025-05-10,12:00,77,906.0,36.6,59.3,72.47,1.38,57.98,1.16,67.2,0.67
2025-05-10,13:00,77,797.5,37.4,57.3,73.09,1.22,58.47,1.02,59.5,0.67
2025-05-10,14:00,77,611.5,37.7,53.0,74.46,0.93,59.57,0.78,46.3,0.67
2025-05-10,15:00,77,404.3,37.5,47.6,76.16,0.61,60.93,0.51,31.1,0.67
2025-05-10,16:00,77,215.9,36.6,42.0,77.95,0.32,62.36,0.27,16.9,0.67
2025-05-10,17:00,77,46.4,34.0,35.2,80.11,0.07,64.09,0.06,3.7,0.67
2025-05-11,05:00,77,7.3,26.6,26.8,82.75,0.01,66.2,0.01,0.6,0.67
2025-05-11,06:00,77,137.6,27.9,31.4,81.31,0.2,65.05,0.17,11.1,0.67
2025-05-11,07:00,77,338.1,30.0,38.5,79.06,0.51,63.25,0.42,26.8,0.67
2025-05-11,08:00,77,547.8,32.5,46.2,76.63,0.83,61.3,0.69,42.4,0.67
2025-05-11,09:00,77,736.1,34.5,52.9,74.5,1.12,59.6,0.94,55.7,0.67
2025-05-11,10:00,77,872.8,36.0,57.8,72.94,1.33,58.35,1.11,65.0,0.67
2025-05-11,11:00,77,942.7,37.1,60.7,72.03,1.44,57.63,1.21,69.6,0.67
2025-05-11,12:00,77,920.5,37.7,60.7,72.02,1.41,57.62,1.18,67.9,0.67
2025-05-11,13:00,77,783.9,37.7,57.3,73.09,1.19,58.47,1.0,58.5,0.67
2025-05-11,14:00,77,631.3,37.2,53.0,74.47,0.96,59.57,0.8,47.8,0.67
2025-05-11,15:00,77,429.1,36.4,47.1,76.32,0.65,61.05,0.54,33.1,0.67
2025-05-11,16:00,77,219.5,35.4,40.8,78.31,0.33,62.65,0.28,17.3,0.67
2025-05-11,17:00,77,49.0,33.5,34.7,80.25,0.07,64.2,0.06,3.9,0.67
2025-05-12,05:00,77,7.7,27.1,27.3,82.6,0.01,66.08,0.01,0.6,0.67
2025-05-12,06:00,77,147.8,28.1,31.8,81.17,0.22,64.94,0.18,11.9,0.67
2025-05-12,07:00,77,363.2,29.9,39.0,78.89,0.54,63.11,0.46,28.7,0.67
2025-05-12,08:00,77,582.4,31.8,46.3,76.57,0.88,61.25,0.74,45.0,0.67
2025-05-12,09:00,77,738.0,33.4,51.8,74.84,1.12,59.87,0.94,56.1,0.67
2025-05-12,10:00,77,872.6,34.7,56.5,73.36,1.33,58.68,1.11,65.3,0.67
2025-05-12,11:00,77,948.2,35.7,59.4,72.43,1.45,57.94,1.21,70.3,0.67
2025-05-12,12:00,77,886.5,36.3,58.5,72.72,1.35,58.18,1.13,65.9,0.67
2025-05-12,13:00,77,736.0,36.7,55.1,73.79,1.12,59.03,0.94,55.3,0.67
2025-05-12,14:00,77,558.2,36.4,50.3,75.31,0.84,60.25,0.71,42.6,0.67
2025-05-12,15:00,77,357.3,35.8,44.8,77.07,0.54,61.65,0.45,27.8,0.67
2025-05-12,16:00,77,179.6,35.0,39.4,78.76,0.27,63.0,0.23,14.2,0.67
2025-05-12,17:00,77,39.8,33.1,34.1,80.45,0.06,64.36,0.05,3.2,0.67
2025-05-13,05:00,77,7.4,27.7,27.9,82.42,0.01,65.93,0.01,0.6,0.67
2025-05-13,06:00,77,135.2,28.3,31.7,81.21,0.2,64.97,0.17,10.9,0.67
2025-05-13,07:00,77,334.2,29.5,37.9,79.26,0.5,63.41,0.42,26.5,0.67
2025-05-13,08:00,77,543.7,31.1,44.7,77.09,0.82,61.67,0.69,42.3,0.67
2025-05-13,09:00,77,708.2,32.6,50.3,75.33,1.07,60.26,0.9,54.1,0.67
2025-05-13,10:00,77,830.9,33.8,54.6,73.96,1.26,59.17,1.06,62.6,0.67
2025-05-13,11:00,77,930.2,35.2,58.4,72.75,1.42,58.2,1.19,69.2,0.67
2025-05-13,12:00,77,878.9,36.6,58.6,72.69,1.34,58.15,1.12,65.3,0.67
2025-05-13,13:00,77,772.1,37.5,56.8,73.26,1.18,58.61,0.98,57.7,0.67
2025-05-13,14:00,77,594.9,37.7,52.6,74.6,0.9,59.68,0.76,45.1,0.67
2025-05-13,15:00,77,389.6,37.3,47.0,76.36,0.59,61.08,0.49,30.1,0.67
2025-05-13,16:00,77,198.3,36.2,41.2,78.2,0.3,62.56,0.25,15.6,0.67
2025-05-13,17:00,77,45.6,34.3,35.4,80.03,0.07,64.02,0.06,3.6,0.67
2025-05-14,05:00,77,7.8,27.4,27.6,82.5,0.01,66.0,0.01,0.6,0.67
2025-05-14,06:00,77,142.2,28.0,31.5,81.26,0.21,65.01,0.18,11.5,0.67
2025-05-14,07:00,77,361.3,28.9,37.9,79.25,0.54,63.4,0.45,28.7,0.67
2025-05-14,08:00,77,583.5,30.2,44.8,77.05,0.88,61.64,0.74,45.3,0.67
2025-05-14,09:00,77,732.9,31.8,50.1,75.37,1.11,60.3,0.93,56.0,0.67
2025-05-14,10:00,77,809.1,33.0,53.2,74.39,1.23,59.51,1.03,61.2,0.67
2025-05-14,11:00,77,788.2,33.9,53.6,74.26,1.2,59.41,1.0,59.5,0.67
2025-05-14,12:00,77,610.4,34.6,49.8,75.47,0.92,60.37,0.77,46.7,0.67
2025-05-14,13:00,77,580.3,34.7,49.2,75.65,0.88,60.52,0.73,44.5,0.67
2025-05-14,14:00,77,482.4,34.5,46.6,76.49,0.73,61.19,0.61,37.3,0.67
2025-05-14,15:00,77,230.3,34.1,39.8,78.63,0.34,62.9,0.29,18.2,0.67
2025-05-14,16:00,77,115.5,33.3,36.2,79.78,0.17,63.83,0.14,9.2,0.67
2025-05-14,17:00,77,28.8,31.5,32.3,81.03,0.04,64.82,0.04,2.3,0.67
2025-05-15,05:00,77,8.0,25.8,26.0,83.0,0.01,66.4,0.01,0.7,0.67
2025-05-15,06:00,77,125.2,26.9,30.0,81.75,0.19,65.4,0.16,10.2,0.67
2025-05-15,07:00,77,307.7,28.2,35.9,79.87,0.46,63.89,0.38,24.6,0.67
2025-05-15,08:00,77,495.5,30.4,42.8,77.68,0.74,62.15,0.62,38.7,0.67
2025-05-15,09:00,77,705.7,32.6,50.2,75.34,1.07,60.28,0.89,53.9,0.67
2025-05-15,10:00,77,817.4,34.2,54.6,73.95,1.24,59.16,1.04,61.5,0.67
2025-05-15,11:00,77,896.2,35.8,58.2,72.82,1.37,58.26,1.14,66.7,0.67
2025-05-15,12:00,77,838.0,36.7,57.6,72.99,1.28,58.39,1.07,62.5,0.67
2025-05-15,13:00,77,580.5,37.0,51.5,74.93,0.88,59.94,0.74,44.2,0.67
2025-05-15,14:00,77,424.5,36.6,47.2,76.3,0.64,61.04,0.54,32.7,0.67
2025-05-15,15:00,77,172.6,35.9,40.2,78.51,0.26,62.81,0.22,13.6,0.67
2025-05-15,16:00,77,82.8,34.6,36.7,79.62,0.12,63.69,0.1,6.6,0.67
2025-05-15,17:00,77,14.1,32.2,32.6,80.93,0.02,64.74,0.02,1.1,0.67
2025-05-16,05:00,77,7.5,26.4,26.6,82.82,0.01,66.25,0.01,0.6,0.67
2025-05-16,06:00,77,133.4,27.2,30.6,81.56,0.2,65.25,0.17,10.8,0.67
2025-05-16,07:00,77,339.7,28.3,36.8,79.58,0.51,63.67,0.42,27.0,0.67
2025-05-16,08:00,77,561.1,29.7,43.8,77.38,0.84,61.91,0.71,43.7,0.67
2025-05-16,09:00,77,688.4,31.4,48.6,75.85,1.04,60.68,0.87,52.9,0.67
2025-05-16,10:00,77,779.6,33.3,52.8,74.53,1.18,59.62,0.99,59.1,0.67
2025-05-16,11:00,77,823.5,34.8,55.4,73.7,1.25,58.96,1.05,61.8,0.67
2025-05-16,12:00,77,807.9,35.8,56.0,73.51,1.23,58.81,1.03,60.6,0.67
2025-05-16,13:00,77,661.0,36.2,52.7,74.54,1.0,59.63,0.84,50.1,0.67
2025-05-16,14:00,77,523.4,36.0,49.1,75.7,0.79,60.56,0.66,40.1,0.67
2025-05-16,15:00,77,314.9,35.2,43.1,77.6,0.47,62.08,0.4,24.6,0.67
2025-05-16,16:00,77,139.8,34.0,37.5,79.36,0.21,63.49,0.17,11.1,0.67
2025-05-16,17:00,77,28.4,32.0,32.7,80.9,0.04,64.72,0.04,2.3,0.67
2025-05-17,05:00,77,4.7,26.5,26.6,82.83,0.01,66.26,0.01,0.4,0.67
2025-05-17,06:00,77,64.8,26.8,28.4,82.26,0.1,65.81,0.08,5.3,0.67
2025-05-17,07:00,77,154.3,27.2,31.1,81.41,0.23,65.13,0.19,12.5,0.67
2025-05-17,08:00,77,144.9,28.1,31.7,81.21,0.22,64.97,0.18,11.7,0.67
2025-05-17,09:00,77,268.7,29.4,36.1,79.81,0.4,63.85,0.34,21.4,0.67
2025-05-17,10:00,77,471.9,30.7,42.5,77.78,0.71,62.22,0.59,36.9,0.67
2025-05-17,11:00,77,543.9,31.5,45.1,76.95,0.82,61.56,0.69,42.2,0.67
2025-05-17,12:00,77,506.4,31.8,44.5,77.15,0.76,61.72,0.64,39.4,0.67
2025-05-17,13:00,77,467.0,31.9,43.6,77.43,0.7,61.94,0.59,36.4,0.67
2025-05-17,14:00,77,356.4,32.1,41.0,78.26,0.53,62.61,0.45,28.0,0.67
2025-05-17,15:00,77,328.3,31.9,40.2,78.53,0.49,62.82,0.41,25.9,0.67
2025-05-17,16:00,77,173.5,31.2,35.6,79.98,0.26,63.99,0.22,13.9,0.67
2025-05-17,17:00,77,39.0,29.5,30.5,81.58,0.06,65.27,0.05,3.2,0.67
2025-05-18,05:00,77,5.0,25.4,25.5,83.17,0.01,66.54,0.01,0.4,0.67
2025-05-18,06:00,77,93.2,26.2,28.5,82.22,0.14,65.77,0.12,7.6,0.67
2025-05-18,07:00,77,232.6,27.8,33.6,80.6,0.35,64.48,0.29,18.7,0.67
2025-05-18,08:00,77,383.9,30.1,39.7,78.68,0.58,62.95,0.48,30.3,0.67
2025-05-18,09:00,77,526.5,32.0,45.2,76.95,0.79,61.56,0.66,40.9,0.67
2025-05-18,10:00,77,649.6,33.0,49.2,75.67,0.98,60.53,0.82,49.8,0.67
2025-05-18,11:00,77,801.8,33.2,53.3,74.37,1.22,59.5,1.02,60.6,0.67
2025-05-18,12:00,77,792.6,33.3,53.1,74.44,1.2,59.55,1.01,60.0,0.67
2025-05-18,13:00,77,593.5,33.1,47.9,76.06,0.9,60.85,0.75,45.7,0.67
2025-05-18,14:00,77,325.7,32.9,41.0,78.26,0.49,62.61,0.41,25.6,0.67
2025-05-18,15:00,77,270.4,32.6,39.3,78.79,0.4,63.03,0.34,21.4,0.67
2025-05-18,16:00,77,153.9,32.1,35.9,79.86,0.23,63.89,0.19,12.3,0.67
2025-05-18,17:00,77,38.0,31.2,32.2,81.05,0.06,64.84,0.05,3.1,0.67
2025-05-19,05:00,77,3.5,26.3,26.4,82.89,0.01,66.32,0.0,0.3,0.67
2025-05-19,06:00,77,80.2,27.0,29.0,82.06,0.12,65.65,0.1,6.5,0.67
2025-05-19,07:00,77,199.8,29.0,34.0,80.49,0.3,64.39,0.25,16.0,0.67
2025-05-19,08:00,77,351.0,31.1,39.8,78.63,0.53,62.9,0.44,27.7,0.67
2025-05-19,09:00,77,502.7,32.9,45.4,76.85,0.76,61.48,0.63,39.0,0.67
2025-05-19,10:00,77,712.0,34.2,52.0,74.78,1.08,59.82,0.9,54.1,0.67
2025-05-19,11:00,77,761.5,35.1,54.1,74.1,1.16,59.28,0.97,57.4,0.67
2025-05-19,12:00,77,665.5,35.5,52.1,74.73,1.01,59.79,0.84,50.5,0.67
2025-05-19,13:00,77,458.8,35.5,47.0,76.37,0.69,61.1,0.58,35.4,0.67
2025-05-19,14:00,77,319.9,34.7,42.7,77.74,0.48,62.19,0.4,25.0,0.67
2025-05-19,15:00,77,100.5,33.7,36.2,79.79,0.15,63.83,0.13,8.0,0.67
2025-05-19,16:00,77,67.3,32.3,34.0,80.48,0.1,64.39,0.08,5.4,0.67
2025-05-19,17:00,77,15.3,30.3,30.7,81.54,0.02,65.23,0.02,1.2,0.67
2025-05-20,05:00,77,6.7,25.5,25.7,83.11,0.01,66.49,0.01,0.6,0.67
2025-05-20,06:00,77,121.0,26.4,29.4,81.93,0.18,65.54,0.15,9.8,0.67
2025-05-20,07:00,77,272.4,27.7,34.5,80.32,0.41,64.26,0.34,21.8,0.67
2025-05-20,08:00,77,434.1,29.5,40.3,78.47,0.65,62.78,0.54,34.2,0.67
2025-05-20,09:00,77,521.4,31.0,44.1,77.29,0.78,61.83,0.66,40.6,0.67
2025-05-20,10:00,77,635.4,32.2,48.1,76.02,0.96,60.82,0.8,48.9,0.67
2025-05-20,11:00,77,645.6,33.1,49.3,75.64,0.98,60.51,0.82,49.5,0.67
2025-05-20,12:00,77,731.3,34.2,52.5,74.62,1.11,59.7,0.93,55.5,0.67
2025-05-20,13:00,77,579.5,35.0,49.5,75.56,0.88,60.45,0.73,44.4,0.67
2025-05-20,14:00,77,472.5,35.1,46.9,76.39,0.71,61.11,0.6,36.5,0.67
2025-05-20,15:00,77,348.1,34.4,43.1,77.58,0.52,62.07,0.44,27.2,0.67
2025-05-20,16:00,77,180.6,33.1,37.6,79.33,0.27,63.47,0.23,14.3,0.67
2025-05-20,17:00,77,44.2,30.8,31.9,81.14,0.07,64.91,0.06,3.6,0.67
2025-05-21,05:00,77,6.5,24.8,24.9,83.35,0.01,66.68,0.01,0.5,0.67
2025-05-21,06:00,77,105.8,25.9,28.5,82.22,0.16,65.77,0.13,8.6,0.67
2025-05-21,07:00,77,271.1,28.0,34.8,80.24,0.4,64.19,0.34,21.7,0.67
2025-05-21,08:00,77,402.1,30.7,40.8,78.34,0.6,62.67,0.5,31.6,0.67
2025-05-21,09:00,77,542.4,32.5,46.0,76.67,0.82,61.33,0.68,42.0,0.67
2025-05-21,10:00,77,653.3,33.8,50.2,75.36,0.99,60.29,0.83,49.9,0.67
2025-05-21,11:00,77,747.0,35.0,53.6,74.26,1.13,59.41,0.95,56.4,0.67
2025-05-21,12:00,77,778.5,35.7,55.2,73.77,1.18,59.02,0.99,58.5,0.67
2025-05-21,13:00,77,638.9,36.0,51.9,74.8,0.97,59.84,0.81,48.5,0.67
2025-05-21,14:00,77,524.4,35.5,48.6,75.87,0.79,60.69,0.66,40.3,0.67
2025-05-21,15:00,77,374.7,34.3,43.7,77.41,0.56,61.93,0.47,29.2,0.67
2025-05-21,16:00,77,192.3,32.8,37.6,79.33,0.29,63.46,0.24,15.3,0.67
2025-05-21,17:00,77,44.6,30.5,31.6,81.22,0.07,64.98,0.06,3.6,0.67
2025-05-22,05:00,77,5.9,24.5,24.7,83.43,0.01,66.75,0.01,0.5,0.67
2025-05-22,06:00,77,98.9,25.7,28.2,82.33,0.15,65.86,0.12,8.1,0.67
2025-05-22,07:00,77,235.6,28.0,33.9,80.51,0.35,64.41,0.29,18.9,0.67
2025-05-22,08:00,77,361.5,31.3,40.3,78.47,0.54,62.78,0.45,28.5,0.67
2025-05-22,09:00,77,541.2,33.7,47.2,76.3,0.82,61.04,0.68,41.7,0.67
2025-05-22,10:00,77,607.6,35.6,50.8,75.17,0.92,60.13,0.77,46.3,0.67
2025-05-22,11:00,77,604.5,37.0,52.2,74.73,0.92,59.78,0.77,45.9,0.67
2025-05-22,12:00,77,741.8,38.0,56.6,73.33,1.13,58.67,0.95,55.5,0.67
2025-05-22,13:00,77,616.2,38.4,53.8,74.2,0.94,59.36,0.78,46.5,0.67
2025-05-22,14:00,77,500.1,38.2,50.7,75.19,0.76,60.15,0.63,38.1,0.67
2025-05-22,15:00,77,358.3,37.0,46.0,76.68,0.54,61.34,0.45,27.7,0.67
2025-05-22,16:00,77,208.7,35.4,40.6,78.38,0.31,62.71,0.26,16.4,0.67
2025-05-22,17:00,77,47.7,32.8,34.0,80.48,0.07,64.38,0.06,3.8,0.67
2025-05-23,05:00,77,6.0,25.9,26.1,82.98,0.01,66.38,0.01,0.5,0.67
2025-05-23,06:00,77,98.0,27.0,29.5,81.92,0.15,65.53,0.12,8.0,0.67
2025-05-23,07:00,77,239.1,28.8,34.7,80.24,0.36,64.2,0.3,19.2,0.67
2025-05-23,08:00,77,426.6,31.1,41.7,78.03,0.64,62.43,0.54,33.5,0.67
2025-05-23,09:00,77,537.7,32.6,46.1,76.66,0.81,61.33,0.68,41.6,0.67
2025-05-23,10:00,77,642.9,33.7,49.8,75.49,0.97,60.39,0.81,49.2,0.67
2025-05-23,11:00,77,724.2,34.3,52.4,74.66,1.1,59.73,0.92,54.9,0.67
2025-05-23,12:00,77,649.8,34.5,50.7,75.18,0.98,60.14,0.82,49.6,0.67
2025-05-23,13:00,77,590.7,34.5,49.2,75.66,0.89,60.53,0.75,45.3,0.67
2025-05-23,14:00,77,395.4,34.1,44.0,77.31,0.59,61.85,0.5,30.8,0.67
2025-05-23,15:00,77,318.1,33.5,41.5,78.11,0.48,62.49,0.4,25.0,0.67
2025-05-23,16:00,77,157.5,32.5,36.4,79.71,0.24,63.77,0.2,12.6,0.67
2025-05-23,17:00,77,31.1,30.8,31.6,81.24,0.05,64.99,0.04,2.5,0.67
2025-05-24,05:00,77,5.3,26.9,27.0,82.69,0.01,66.15,0.01,0.4,0.67
2025-05-24,06:00,77,84.9,27.6,29.7,81.83,0.13,65.47,0.11,6.9,0.67
2025-05-24,07:00,77,213.1,29.1,34.4,80.35,0.32,64.28,0.27,17.1,0.67
2025-05-24,08:00,77,355.7,31.0,39.9,78.61,0.53,62.88,0.45,28.1,0.67
2025-05-24,09:00,77,424.9,32.5,43.1,77.59,0.64,62.07,0.53,33.2,0.67
2025-05-24,10:00,77,471.8,33.6,45.4,76.85,0.71,61.48,0.6,36.6,0.67
2025-05-24,11:00,77,476.2,34.6,46.5,76.52,0.72,61.21,0.6,36.8,0.67
2025-05-24,12:00,77,442.4,35.3,46.3,76.57,0.67,61.26,0.56,34.2,0.67
2025-05-24,13:00,77,345.0,35.0,43.7,77.42,0.52,61.93,0.43,26.9,0.67
2025-05-24,14:00,77,278.2,34.5,41.5,78.11,0.42,62.49,0.35,21.8,0.67
2025-05-24,15:00,77,172.6,33.6,38.0,79.22,0.26,63.38,0.22,13.7,0.67
2025-05-24,16:00,77,84.6,32.4,34.5,80.32,0.13,64.26,0.11,6.8,0.67
2025-05-24,17:00,77,16.8,30.6,31.0,81.44,0.02,65.15,0.02,1.4,0.67
2025-05-25,05:00,77,3.9,26.6,26.7,82.78,0.01,66.22,0.0,0.3,0.67
2025-05-25,06:00,77,51.8,27.2,28.5,82.23,0.08,65.78,0.06,4.2,0.67
2025-05-25,07:00,77,111.7,28.3,31.1,81.39,0.17,65.11,0.14,9.0,0.67
2025-05-25,08:00,77,172.7,30.0,34.3,80.37,0.26,64.3,0.22,13.9,0.67
2025-05-25,09:00,77,305.2,31.2,38.9,78.94,0.46,63.15,0.38,24.2,0.67
2025-05-25,10:00,77,354.0,31.9,40.7,78.34,0.53,62.68,0.44,27.9,0.67
2025-05-25,11:00,77,430.7,32.1,42.9,77.67,0.65,62.13,0.54,33.7,0.67
2025-05-25,12:00,77,294.4,32.1,39.5,78.75,0.44,63.0,0.37,23.3,0.67
2025-05-25,13:00,77,323.3,32.1,40.2,78.51,0.48,62.81,0.41,25.5,0.67
2025-05-25,14:00,77,210.7,32.2,37.4,79.39,0.31,63.51,0.26,16.7,0.67
2025-05-25,15:00,77,147.5,32.0,35.7,79.95,0.22,63.96,0.18,11.8,0.67
2025-05-25,16:00,77,82.7,31.4,33.5,80.63,0.12,64.5,0.1,6.6,0.67
2025-05-25,17:00,77,22.9,29.8,30.4,81.61,0.03,65.29,0.03,1.9,0.67
2025-05-26,05:00,77,1.9,25.9,26.0,83.02,0.0,66.41,0.0,0.2,0.67
2025-05-26,06:00,77,19.5,26.7,27.2,82.62,0.03,66.1,0.02,1.6,0.67
2025-05-26,07:00,77,69.8,28.3,30.0,81.74,0.1,65.39,0.09,5.7,0.67
2025-05-26,08:00,77,61.1,30.5,32.0,81.1,0.09,64.88,0.08,4.9,0.67
2025-05-26,09:00,77,134.5,32.3,35.6,79.96,0.2,63.97,0.17,10.7,0.67
2025-05-26,10:00,77,133.5,33.5,36.8,79.58,0.2,63.66,0.17,10.6,0.67
2025-05-26,11:00,77,229.0,34.2,40.0,78.59,0.34,62.87,0.29,18.1,0.67
2025-05-26,12:00,77,179.3,34.5,39.0,78.89,0.27,63.11,0.22,14.2,0.67
2025-05-26,13:00,77,334.9,34.4,42.8,77.7,0.5,62.16,0.42,26.2,0.67
2025-05-26,14:00,77,378.9,33.9,43.3,77.52,0.57,62.02,0.48,29.6,0.67
2025-05-26,15:00,77,142.1,33.1,36.6,79.64,0.21,63.71,0.18,11.3,0.67
2025-05-26,16:00,77,71.9,32.0,33.8,80.53,0.11,64.43,0.09,5.8,0.67
2025-05-26,17:00,77,17.5,30.4,30.8,81.48,0.03,65.18,0.02,1.4,0.67
2025-05-27,05:00,77,4.6,26.3,26.4,82.89,0.01,66.31,0.01,0.4,0.67
2025-05-27,06:00,77,50.8,26.8,28.0,82.37,0.08,65.89,0.06,4.2,0.67
2025-05-27,07:00,77,119.5,28.1,31.0,81.41,0.18,65.13,0.15,9.7,0.67
2025-05-27,08:00,77,176.0,29.9,34.3,80.4,0.26,64.32,0.22,14.1,0.67
2025-05-27,09:00,77,330.3,31.5,39.8,78.64,0.49,62.91,0.41,26.1,0.67
2025-05-27,10:00,77,322.4,32.8,40.9,78.31,0.48,62.64,0.4,25.4,0.67
2025-05-27,11:00,77,325.6,33.6,41.7,78.04,0.49,62.43,0.41,25.6,0.67
2025-05-27,12:00,77,424.9,34.0,44.6,77.13,0.64,61.7,0.54,33.0,0.67
2025-05-27,13:00,77,303.3,33.9,41.5,78.1,0.46,62.48,0.38,23.8,0.67
2025-05-27,14:00,77,231.8,33.5,39.3,78.79,0.35,63.03,0.29,18.3,0.67
2025-05-27,15:00,77,165.2,33.0,37.1,79.49,0.25,63.59,0.21,13.1,0.67
2025-05-27,16:00,77,65.5,32.0,33.6,80.59,0.1,64.47,0.08,5.3,0.67
2025-05-27,17:00,77,22.6,30.5,31.1,81.4,0.03,65.12,0.03,1.8,0.67
2025-05-28,05:00,77,6.1,27.5,27.7,82.48,0.01,65.99,0.01,0.5,0.67
2025-05-28,06:00,77,93.1,28.2,30.6,81.57,0.14,65.25,0.12,7.6,0.67
2025-05-28,07:00,77,221.4,29.7,35.2,80.09,0.33,64.07,0.28,17.7,0.67
2025-05-28,08:00,77,365.2,31.3,40.4,78.45,0.55,62.76,0.46,28.8,0.67
2025-05-28,09:00,77,442.5,32.6,43.6,77.43,0.67,61.94,0.56,34.5,0.67
2025-05-28,10:00,77,489.9,33.7,46.0,76.69,0.74,61.35,0.62,37.9,0.67
2025-05-28,11:00,77,539.6,34.6,48.1,76.02,0.81,60.81,0.68,41.5,0.67
2025-05-28,12:00,77,550.1,35.1,48.8,75.78,0.83,60.62,0.7,42.2,0.67
2025-05-28,13:00,77,452.2,35.2,46.5,76.52,0.68,61.22,0.57,35.0,0.67
2025-05-28,14:00,77,351.1,34.8,43.6,77.44,0.53,61.95,0.44,27.4,0.67
2025-05-28,15:00,77,181.7,34.1,38.6,79.01,0.27,63.21,0.23,14.4,0.67
2025-05-28,16:00,77,89.0,32.9,35.1,80.12,0.13,64.09,0.11,7.1,0.67
2025-05-28,17:00,77,14.8,31.2,31.6,81.23,0.02,64.99,0.02,1.2,0.67
2025-05-29,05:00,77,3.1,27.3,27.4,82.56,0.0,66.05,0.0,0.3,0.67
2025-05-29,06:00,77,68.6,28.0,29.7,81.83,0.1,65.46,0.09,5.6,0.67
2025-05-29,07:00,77,150.7,29.2,32.9,80.81,0.22,64.65,0.19,12.1,0.67
2025-05-29,08:00,77,217.1,30.4,35.8,79.9,0.32,63.92,0.27,17.3,0.67
2025-05-29,09:00,77,353.4,31.4,40.2,78.52,0.53,62.81,0.44,27.9,0.67
2025-05-29,10:00,77,364.0,32.2,41.3,78.18,0.55,62.54,0.46,28.6,0.67
2025-05-29,11:00,77,361.7,32.7,41.8,78.02,0.54,62.41,0.45,28.4,0.67
2025-05-29,12:00,77,312.6,33.0,40.8,78.33,0.47,62.66,0.39,24.6,0.67
2025-05-29,13:00,77,225.9,32.8,38.5,79.06,0.34,63.25,0.28,17.9,0.67
2025-05-29,14:00,77,222.3,32.4,38.0,79.23,0.33,63.38,0.28,17.6,0.67
2025-05-29,15:00,77,127.6,31.8,34.9,80.18,0.19,64.14,0.16,10.2,0.67
2025-05-29,16:00,77,60.0,30.9,32.4,81.0,0.09,64.8,0.07,4.8,0.67
2025-05-29,17:00,77,15.9,29.6,30.0,81.75,0.02,65.4,0.02,1.3,0.67
2025-05-30,05:00,77,3.6,26.8,26.9,82.72,0.01,66.18,0.0,0.3,0.67
2025-05-30,06:00,77,46.5,27.4,28.6,82.19,0.07,65.75,0.06,3.8,0.67
2025-05-30,07:00,77,110.2,28.7,31.4,81.29,0.16,65.04,0.14,8.9,0.67
2025-05-30,08:00,77,177.8,30.1,34.5,80.31,0.26,64.25,0.22,14.3,0.67
2025-05-30,09:00,77,226.4,31.1,36.7,79.62,0.34,63.7,0.28,18.0,0.67
2025-05-30,10:00,77,307.0,31.9,39.6,78.71,0.46,62.97,0.39,24.2,0.67
2025-05-30,11:00,77,295.8,32.7,40.1,78.55,0.44,62.84,0.37,23.3,0.67
2025-05-30,12:00,77,307.0,32.9,40.5,78.41,0.46,62.72,0.39,24.2,0.67
2025-05-30,13:00,77,284.1,32.6,39.7,78.69,0.43,62.95,0.36,22.4,0.67
2025-05-30,14:00,77,279.1,31.9,38.9,78.93,0.42,63.15,0.35,22.1,0.67
2025-05-30,15:00,77,204.9,31.2,36.3,79.75,0.31,63.8,0.26,16.3,0.67
2025-05-30,16:00,77,109.5,30.2,32.9,80.83,0.16,64.66,0.14,8.8,0.67
2025-05-30,17:00,77,27.9,28.6,29.3,81.96,0.04,65.57,0.03,2.3,0.67
2025-05-31,05:00,77,4.4,25.5,25.6,83.14,0.01,66.52,0.01,0.4,0.67
2025-05-31,06:00,77,61.5,26.2,27.7,82.46,0.09,65.97,0.08,5.0,0.67
2025-05-31,07:00,77,139.8,27.5,31.0,81.44,0.21,65.15,0.17,11.3,0.67
2025-05-31,08:00,77,215.7,29.3,34.7,80.25,0.32,64.2,0.27,17.3,0.67
2025-05-31,09:00,77,249.7,31.1,37.3,79.42,0.37,63.54,0.31,19.9,0.67
2025-05-31,10:00,77,284.1,32.4,39.5,78.73,0.43,62.98,0.36,22.4,0.67
2025-05-31,11:00,77,301.9,33.6,41.2,78.2,0.45,62.56,0.38,23.7,0.67
2025-05-31,12:00,77,329.4,34.5,42.7,77.72,0.49,62.17,0.41,25.8,0.67
2025-05-31,13:00,77,316.6,34.8,42.7,77.72,0.48,62.18,0.4,24.8,0.67
2025-05-31,14:00,77,287.8,34.5,41.7,78.03,0.43,62.43,0.36,22.6,0.67
2025-05-31,15:00,77,215.8,33.8,39.2,78.83,0.32,63.06,0.27,17.1,0.67
2025-05-31,16:00,77,111.5,32.5,35.3,80.06,0.17,64.05,0.14,8.9,0.67
2025-05-31,17:00,77,29.4,30.4,31.1,81.39,0.04,65.11,0.04,2.4,0.67
2025-06-01,05:00,77,6.7,25.1,25.3,83.24,0.01,66.59,0.01,0.5,0.67
2025-06-01,06:00,77,101.3,26.5,29.0,82.05,0.15,65.64,0.13,8.3,0.67
2025-06-01,07:00,77,265.1,27.9,34.6,80.3,0.39,64.24,0.33,21.3,0.67
2025-06-01,08:00,77,447.5,29.8,40.9,78.28,0.67,62.62,0.56,35.2,0.67
2025-06-01,09:00,77,639.5,31.9,47.9,76.07,0.97,60.86,0.81,49.2,0.67
2025-06-01,10:00,77,816.7,34.2,54.6,73.96,1.24,59.17,1.04,61.5,0.67
2025-06-01,11:00,77,728.5,35.6,53.8,74.22,1.11,59.37,0.93,55.0,0.67
2025-06-01,12:00,77,795.3,36.3,56.2,73.46,1.21,58.77,1.01,59.6,0.67
2025-06-01,13:00,77,656.4,36.5,52.9,74.49,1.0,59.59,0.83,49.7,0.67
2025-06-01,14:00,77,609.1,36.1,51.3,75.0,0.92,60.0,0.77,46.4,0.67
2025-06-01,15:00,77,420.0,35.1,45.6,76.81,0.63,61.44,0.53,32.6,0.67
2025-06-01,16:00,77,209.7,33.6,38.9,78.94,0.31,63.15,0.26,16.6,0.67
2025-06-01,17:00,77,52.5,31.6,32.9,80.82,0.08,64.66,0.07,4.2,0.67
2025-06-02,05:00,77,7.9,25.0,25.2,83.27,0.01,66.62,0.01,0.6,0.67
2025-06-02,06:00,77,136.7,26.2,29.6,81.86,0.2,65.49,0.17,11.1,0.67
2025-06-02,07:00,77,353.8,27.9,36.8,79.6,0.53,63.68,0.44,28.2,0.67
2025-06-02,08:00,77,573.2,30.3,44.7,77.1,0.86,61.68,0.72,44.6,0.67
2025-06-02,09:00,77,663.2,32.3,48.9,75.78,1.0,60.62,0.84,50.9,0.67
2025-06-02,10:00,77,688.1,33.6,50.8,75.15,1.04,60.12,0.87,52.5,0.67
2025-06-02,11:00,77,770.1,34.4,53.7,74.25,1.17,59.4,0.98,58.2,0.67
2025-06-02,12:00,77,614.8,34.8,50.2,75.35,0.93,60.28,0.78,47.0,0.67
2025-06-02,13:00,77,658.0,34.7,51.1,75.06,1.0,60.05,0.83,50.1,0.67
2025-06-02,14:00,77,523.4,34.3,47.4,76.25,0.79,61.0,0.66,40.4,0.67
2025-06-02,15:00,77,400.2,33.8,43.8,77.36,0.6,61.89,0.5,31.2,0.67
2025-06-02,16:00,77,221.1,33.0,38.5,79.06,0.33,63.25,0.28,17.5,0.67
2025-06-02,17:00,77,53.1,31.1,32.4,80.98,0.08,64.78,0.07,4.3,0.67
2025-06-03,05:00,77,6.5,25.6,25.7,83.1,0.01,66.48,0.01,0.5,0.67
2025-06-03,06:00,77,111.6,26.7,29.5,81.9,0.17,65.52,0.14,9.1,0.67
2025-06-03,07:00,77,293.4,28.4,35.7,79.93,0.44,63.94,0.37,23.4,0.67
2025-06-03,08:00,77,509.6,30.6,43.3,77.52,0.77,62.02,0.64,39.8,0.67
2025-06-03,09:00,77,586.0,32.6,47.2,76.28,0.88,61.03,0.74,45.2,0.67
2025-06-03,10:00,77,673.5,34.1,50.9,75.12,1.02,60.1,0.85,51.3,0.67
2025-06-03,11:00,77,617.4,35.2,50.6,75.21,0.93,60.17,0.78,47.1,0.67
2025-06-03,12:00,77,637.2,35.9,51.8,74.85,0.97,59.88,0.81,48.4,0.67
2025-06-03,13:00,77,468.2,36.1,47.8,76.1,0.71,60.88,0.59,36.0,0.67
2025-06-03,14:00,77,553.7,36.0,49.8,75.47,0.84,60.37,0.7,42.4,0.67
2025-06-03,15:00,77,418.6,35.4,45.9,76.71,0.63,61.37,0.53,32.4,0.67
2025-06-03,16:00,77,221.4,34.1,39.7,78.68,0.33,62.94,0.28,17.5,0.67
2025-06-03,17:00,77,52.3,31.7,33.0,80.8,0.08,64.64,0.07,4.2,0.67
2025-06-04,05:00,77,5.8,25.5,25.7,83.12,0.01,66.49,0.01,0.5,0.67
2025-06-04,06:00,77,83.2,26.4,28.5,82.22,0.12,65.78,0.1,6.8,0.67
2025-06-04,07:00,77,218.3,27.8,33.2,80.73,0.32,64.58,0.27,17.6,0.67
2025-06-04,08:00,77,401.4,29.8,39.8,78.64,0.6,62.91,0.5,31.7,0.67
2025-06-04,09:00,77,477.0,31.7,43.7,77.42,0.72,61.94,0.6,37.2,0.67
2025-06-04,10:00,77,562.5,33.4,47.4,76.23,0.85,60.99,0.71,43.4,0.67
2025-06-04,11:00,77,650.8,34.8,51.1,75.08,0.99,60.06,0.83,49.6,0.67
2025-06-04,12:00,77,726.0,36.0,54.2,74.1,1.1,59.28,0.92,54.8,0.67
2025-06-04,13:00,77,585.7,36.7,51.4,74.98,0.89,59.98,0.74,44.6,0.67
2025-06-04,14:00,77,524.5,36.9,50.0,75.42,0.79,60.34,0.66,40.1,0.67
2025-06-04,15:00,77,351.1,36.3,45.1,76.97,0.53,61.57,0.44,27.3,0.67
2025-06-04,16:00,77,189.8,35.0,39.7,78.68,0.28,62.94,0.24,15.0,0.67
2025-06-04,17:00,77,47.2,32.2,33.4,80.68,0.07,64.54,0.06,3.8,0.67
2025-06-05,05:00,77,8.1,23.7,23.9,83.68,0.01,66.94,0.01,0.7,0.67
2025-06-05,06:00,77,139.5,24.9,28.4,82.24,0.21,65.79,0.17,11.4,0.67
2025-06-05,07:00,77,364.2,27.2,36.3,79.74,0.54,63.79,0.46,29.0,0.67
2025-06-05,08:00,77,587.6,31.4,46.1,76.64,0.89,61.31,0.74,45.5,0.67
2025-06-05,09:00,77,768.0,34.2,53.4,74.34,1.17,59.48,0.98,58.1,0.67
2025-06-05,10:00,77,889.5,35.9,58.1,72.83,1.36,58.27,1.14,66.2,0.67
2025-06-05,11:00,77,894.2,37.2,59.6,72.38,1.37,57.9,1.14,66.2,0.67
2025-06-05,12:00,77,875.1,38.0,59.8,72.29,1.34,57.84,1.12,64.7,0.67
2025-06-05,13:00,77,824.1,38.2,58.9,72.61,1.26,58.09,1.05,61.2,0.67
2025-06-05,14:00,77,666.5,38.0,54.7,73.93,1.01,59.15,0.85,50.2,0.67
2025-06-05,15:00,77,449.1,37.3,48.6,75.87,0.68,60.69,0.57,34.5,0.67
2025-06-05,16:00,77,238.0,36.0,42.0,77.96,0.36,62.37,0.3,18.7,0.67
2025-06-05,17:00,77,57.5,33.2,34.6,80.27,0.09,64.22,0.07,4.6,0.67
2025-06-06,05:00,77,6.8,26.8,27.0,82.7,0.01,66.16,0.01,0.6,0.67
2025-06-06,06:00,77,109.3,28.1,30.8,81.5,0.16,65.2,0.14,8.9,0.67
2025-06-06,07:00,77,290.8,29.8,37.1,79.51,0.43,63.61,0.36,23.1,0.67
2025-06-06,08:00,77,485.0,31.9,44.1,77.29,0.73,61.84,0.61,37.8,0.67
2025-06-06,09:00,77,680.5,33.6,50.6,75.22,1.03,60.18,0.86,51.9,0.67
2025-06-06,10:00,77,810.3,34.5,54.8,73.9,1.23,59.12,1.03,61.0,0.67
2025-06-06,11:00,77,769.2,35.1,54.4,74.03,1.17,59.22,0.98,58.0,0.67
2025-06-06,12:00,77,723.7,35.5,53.6,74.28,1.1,59.43,0.92,54.7,0.67
2025-06-06,13:00,77,665.5,35.4,52.1,74.75,1.01,59.8,0.84,50.5,0.67
2025-06-06,14:00,77,510.7,35.1,47.9,76.07,0.77,60.86,0.65,39.3,0.67
2025-06-06,15:00,77,360.0,34.7,43.7,77.41,0.54,61.93,0.45,28.1,0.67
2025-06-06,16:00,77,191.4,33.8,38.6,79.01,0.29,63.21,0.24,15.2,0.67
2025-06-06,17:00,77,49.7,32.0,33.2,80.72,0.07,64.57,0.06,4.0,0.67
2025-06-07,05:00,77,6.7,26.1,26.3,82.91,0.01,66.33,0.01,0.6,0.67
2025-06-07,06:00,77,119.1,27.0,29.9,81.76,0.18,65.41,0.15,9.7,0.67
2025-06-07,07:00,77,324.6,28.5,36.6,79.65,0.48,63.72,0.41,25.9,0.67
2025-06-07,08:00,77,550.1,30.9,44.6,77.11,0.83,61.69,0.69,42.8,0.67
2025-06-07,09:00,77,733.9,33.2,51.6,74.92,1.11,59.93,0.93,55.8,0.67
2025-06-07,10:00,77,777.7,34.9,54.3,74.05,1.18,59.24,0.99,58.6,0.67
2025-06-07,11:00,77,833.1,36.1,56.9,73.22,1.27,58.58,1.06,62.3,0.67
2025-06-07,12:00,77,820.2,36.9,57.4,73.06,1.25,58.45,1.05,61.2,0.67
2025-06-07,13:00,77,698.5,37.4,54.8,73.88,1.06,59.11,0.89,52.6,0.67
2025-06-07,14:00,77,651.5,37.3,53.6,74.27,0.99,59.41,0.83,49.2,0.67
2025-06-07,15:00,77,422.1,36.8,47.4,76.24,0.64,60.99,0.53,32.5,0.67
2025-06-07,16:00,77,222.9,35.6,41.2,78.21,0.33,62.57,0.28,17.5,0.67
2025-06-07,17:00,77,57.4,33.3,34.8,80.23,0.09,64.19,0.07,4.6,0.67
2025-06-08,05:00,77,7.0,26.4,26.6,82.84,0.01,66.27,0.01,0.6,0.67
2025-06-08,06:00,77,126.0,27.3,30.4,81.61,0.19,65.29,0.16,10.2,0.67
2025-06-08,07:00,77,319.9,28.8,36.8,79.59,0.48,63.67,0.4,25.5,0.67
2025-06-08,08:00,77,536.5,30.9,44.3,77.23,0.81,61.78,0.68,41.8,0.67
2025-06-08,09:00,77,706.7,33.0,50.7,75.19,1.07,60.15,0.9,53.9,0.67
2025-06-08,10:00,77,742.6,35.0,53.5,74.29,1.13,59.43,0.94,56.1,0.67
2025-06-08,11:00,77,794.0,36.5,56.3,73.4,1.21,58.72,1.01,59.4,0.67
2025-06-08,12:00,77,721.4,37.6,55.6,73.64,1.1,58.91,0.92,54.1,0.67
2025-06-08,13:00,77,605.9,37.7,52.9,74.5,0.92,59.6,0.77,45.9,0.67
2025-06-08,14:00,77,481.1,37.5,49.5,75.56,0.73,60.45,0.61,36.8,0.67
2025-06-08,15:00,77,364.9,36.7,45.9,76.72,0.55,61.38,0.46,28.3,0.67
2025-06-08,16:00,77,196.8,35.6,40.5,78.42,0.3,62.73,0.25,15.5,0.67
2025-06-08,17:00,77,46.5,33.6,34.8,80.23,0.07,64.18,0.06,3.7,0.67
2025-06-09,05:00,77,6.5,26.1,26.2,82.94,0.01,66.35,0.01,0.5,0.67
2025-06-09,06:00,77,96.7,26.2,28.6,82.19,0.14,65.75,0.12,7.9,0.67
2025-06-09,07:00,77,240.3,27.0,33.0,80.81,0.36,64.64,0.3,19.4,0.67
2025-06-09,08:00,77,401.1,28.5,38.5,79.05,0.6,63.24,0.5,31.8,0.67
2025-06-09,09:00,77,607.8,30.3,45.5,76.84,0.92,61.47,0.77,47.1,0.67
2025-06-09,10:00,77,651.0,31.7,48.0,76.06,0.98,60.84,0.82,50.1,0.67
2025-06-09,11:00,77,782.6,32.5,52.1,74.75,1.19,59.8,0.99,59.4,0.67
2025-06-09,12:00,77,773.6,32.9,52.2,74.71,1.17,59.77,0.98,58.7,0.67
2025-06-09,13:00,77,706.4,33.0,50.7,75.19,1.07,60.15,0.9,53.9,0.67
2025-06-09,14:00,77,620.5,32.9,48.4,75.92,0.94,60.73,0.79,47.7,0.67
2025-06-09,15:00,77,459.4,32.5,44.0,77.33,0.69,61.86,0.58,35.8,0.67
2025-06-09,16:00,77,246.6,31.8,37.9,79.23,0.37,63.39,0.31,19.6,0.67
2025-06-09,17:00,77,62.6,30.6,32.1,81.07,0.09,64.86,0.08,5.1,0.67
2025-06-10,05:00,77,6.6,25.5,25.7,83.11,0.01,66.49,0.01,0.5,0.67
2025-06-10,06:00,77,106.0,26.6,29.3,81.97,0.16,65.57,0.13,8.6,0.67
2025-06-10,07:00,77,255.0,28.3,34.7,80.26,0.38,64.21,0.32,20.4,0.67
2025-06-10,08:00,77,442.4,30.6,41.7,78.05,0.66,62.44,0.56,34.7,0.67
2025-06-10,09:00,77,580.0,32.6,47.1,76.34,0.88,61.07,0.73,44.8,0.67
2025-06-10,10:00,77,634.3,34.3,50.1,75.37,0.96,60.29,0.8,48.5,0.67
2025-06-10,11:00,77,765.9,35.6,54.7,73.92,1.16,59.14,0.97,57.7,0.67
2025-06-10,12:00,77,718.5,36.2,54.1,74.1,1.09,59.28,0.91,54.2,0.67
2025-06-10,13:00,77,635.3,35.9,51.8,74.84,0.96,59.87,0.81,48.3,0.67
2025-06-10,14:00,77,419.0,34.7,45.2,76.94,0.63,61.55,0.53,32.5,0.67
2025-06-10,15:00,77,249.8,33.6,39.8,78.63,0.37,62.91,0.31,19.7,0.67
2025-06-10,16:00,77,136.2,32.5,35.9,79.86,0.2,63.89,0.17,10.9,0.67
2025-06-10,17:00,77,23.2,30.9,31.5,81.27,0.03,65.02,0.03,1.9,0.67
2025-06-11,05:00,77,3.5,25.6,25.7,83.12,0.01,66.49,0.0,0.3,0.67
2025-06-11,06:00,77,77.0,26.0,28.0,82.39,0.11,65.91,0.1,6.3,0.67
2025-06-11,07:00,77,164.7,27.1,31.2,81.36,0.24,65.09,0.2,13.3,0.67
2025-06-11,08:00,77,282.9,28.8,35.8,79.9,0.42,63.92,0.35,22.6,0.67
2025-06-11,09:00,77,454.4,30.5,41.8,77.99,0.68,62.39,0.57,35.6,0.67
2025-06-11,10:00,77,556.1,31.9,45.8,76.75,0.84,61.4,0.7,43.1,0.67
2025-06-11,11:00,77,527.4,32.8,46.0,76.69,0.79,61.35,0.67,40.8,0.67
2025-06-11,12:00,77,566.5,33.2,47.4,76.24,0.85,60.99,0.72,43.7,0.67
2025-06-11,13:00,77,547.0,33.5,47.2,76.3,0.83,61.04,0.69,42.2,0.67
2025-06-11,14:00,77,427.7,33.4,44.1,77.27,0.64,61.82,0.54,33.3,0.67
2025-06-11,15:00,77,261.7,32.9,39.5,78.75,0.39,63.0,0.33,20.7,0.67
2025-06-11,16:00,77,137.8,31.9,35.3,80.06,0.21,64.05,0.17,11.0,0.67
2025-06-11,17:00,77,35.8,30.1,31.0,81.43,0.05,65.14,0.04,2.9,0.67
2025-06-12,05:00,77,4.5,25.0,25.1,83.29,0.01,66.63,0.01,0.4,0.67
2025-06-12,06:00,77,69.5,26.4,28.1,82.34,0.1,65.87,0.09,5.7,0.67
2025-06-12,07:00,77,173.4,28.5,32.8,80.85,0.26,64.68,0.22,14.0,0.67
2025-06-12,08:00,77,303.8,31.2,38.8,78.97,0.45,63.18,0.38,24.0,0.67
2025-06-12,09:00,77,428.1,33.3,44.0,77.32,0.64,61.85,0.54,33.4,0.67
2025-06-12,10:00,77,566.8,34.8,49.0,75.74,0.86,60.59,0.72,43.5,0.67
2025-06-12,11:00,77,628.9,35.8,51.5,74.93,0.95,59.94,0.8,47.8,0.67
2025-06-12,12:00,77,689.7,36.3,53.6,74.28,1.05,59.42,0.88,52.1,0.67
2025-06-12,13:00,77,461.2,36.3,47.8,76.1,0.7,60.88,0.58,35.5,0.67
2025-06-12,14:00,77,391.9,35.7,45.5,76.84,0.59,61.47,0.49,30.4,0.67
2025-06-12,15:00,77,249.9,34.7,41.0,78.27,0.37,62.62,0.31,19.7,0.67
2025-06-12,16:00,77,146.6,33.5,37.1,79.49,0.22,63.59,0.18,11.7,0.67
2025-06-12,17:00,77,30.1,31.5,32.3,81.02,0.04,64.81,0.04,2.4,0.67
2025-06-13,05:00,77,5.2,25.5,25.6,83.14,0.01,66.51,0.01,0.4,0.67
2025-06-13,06:00,77,70.2,26.5,28.3,82.29,0.1,65.84,0.09,5.7,0.67
2025-06-13,07:00,77,189.0,28.5,33.2,80.73,0.28,64.58,0.24,15.2,0.67
2025-06-13,08:00,77,322.3,30.6,38.6,79.01,0.48,63.21,0.4,25.5,0.67
2025-06-13,09:00,77,446.4,32.5,43.6,77.42,0.67,61.94,0.56,34.8,0.67
2025-06-13,10:00,77,502.6,34.0,46.6,76.5,0.76,61.2,0.63,38.8,0.67
2025-06-13,11:00,77,539.1,35.0,48.5,75.89,0.81,60.71,0.68,41.4,0.67
2025-06-13,12:00,77,511.7,35.5,48.3,75.96,0.77,60.77,0.65,39.3,0.67
2025-06-13,13:00,77,435.2,35.2,46.1,76.65,0.66,61.32,0.55,33.7,0.67
2025-06-13,14:00,77,362.9,34.5,43.6,77.45,0.55,61.96,0.46,28.3,0.67
2025-06-13,15:00,77,187.2,33.6,38.3,79.13,0.28,63.3,0.23,14.8,0.67
2025-06-13,16:00,77,111.3,32.4,35.2,80.1,0.17,64.08,0.14,8.9,0.67
2025-06-13,17:00,77,31.4,30.8,31.6,81.25,0.05,65.0,0.04,2.5,0.67
2025-06-14,05:00,77,4.1,25.9,26.0,83.02,0.01,66.41,0.01,0.3,0.67
2025-06-14,06:00,77,68.2,26.6,28.3,82.29,0.1,65.83,0.08,5.6,0.67
2025-06-14,07:00,77,172.4,27.9,32.3,81.03,0.26,64.83,0.21,13.9,0.67
2025-06-14,08:00,77,281.7,29.7,36.7,79.62,0.42,63.7,0.35,22.4,0.67
2025-06-14,09:00,77,442.7,31.1,42.2,77.88,0.66,62.31,0.56,34.7,0.67
2025-06-14,10:00,77,517.1,32.2,45.2,76.95,0.78,61.56,0.65,40.1,0.67
2025-06-14,11:00,77,561.1,32.9,46.9,76.39,0.85,61.12,0.71,43.3,0.67
2025-06-14,12:00,77,553.8,33.1,46.9,76.38,0.84,61.1,0.7,42.8,0.67
2025-06-14,13:00,77,438.7,32.9,43.8,77.37,0.66,61.89,0.55,34.2,0.67
2025-06-14,14:00,77,295.3,32.6,40.0,78.58,0.44,62.87,0.37,23.3,0.67
2025-06-14,15:00,77,246.2,32.1,38.3,79.12,0.37,63.3,0.31,19.5,0.67
2025-06-14,16:00,77,136.2,31.3,34.7,80.24,0.2,64.19,0.17,10.9,0.67
2025-06-14,17:00,77,38.2,29.9,30.9,81.47,0.06,65.17,0.05,3.1,0.67
2025-06-15,05:00,77,3.9,25.2,25.3,83.24,0.01,66.59,0.0,0.3,0.67
2025-06-15,06:00,77,72.7,25.5,27.4,82.58,0.11,66.07,0.09,5.9,0.67
2025-06-15,07:00,77,175.7,26.4,30.8,81.49,0.26,65.2,0.22,14.2,0.67
2025-06-15,08:00,77,265.1,27.9,34.5,80.31,0.39,64.25,0.33,21.3,0.67
2025-06-15,09:00,77,292.0,29.9,37.2,79.47,0.44,63.58,0.37,23.2,0.67
2025-06-15,10:00,77,390.0,31.0,40.8,78.34,0.58,62.67,0.49,30.7,0.67
2025-06-15,11:00,77,369.4,31.3,40.5,78.42,0.55,62.73,0.46,29.1,0.67
2025-06-15,12:00,77,416.1,31.1,41.5,78.11,0.62,62.48,0.52,32.7,0.67
2025-06-15,13:00,77,463.3,30.8,42.4,77.83,0.7,62.27,0.58,36.3,0.67
2025-06-15,14:00,77,300.3,30.3,37.8,79.26,0.45,63.41,0.38,23.8,0.67
2025-06-15,15:00,77,156.2,30.0,33.9,80.52,0.23,64.42,0.19,12.5,0.67
2025-06-15,16:00,77,109.3,29.3,32.0,81.11,0.16,64.89,0.14,8.8,0.67
2025-06-15,17:00,77,26.9,28.2,28.9,82.1,0.04,65.68,0.03,2.2,0.67
2025-06-16,05:00,77,4.7,25.5,25.6,83.14,0.01,66.51,0.01,0.4,0.67
2025-06-16,06:00,77,83.0,26.7,28.8,82.13,0.12,65.71,0.1,6.8,0.67
2025-06-16,07:00,77,202.3,28.7,33.7,80.56,0.3,64.45,0.25,16.3,0.67
2025-06-16,08:00,77,315.9,30.8,38.7,78.99,0.47,63.19,0.4,25.0,0.67
2025-06-16,09:00,77,374.5,32.7,42.0,77.94,0.56,62.35,0.47,29.4,0.67
2025-06-16,10:00,77,413.7,34.1,44.4,77.18,0.62,61.74,0.52,32.2,0.67
2025-06-16,11:00,77,383.3,35.0,44.6,77.12,0.58,61.7,0.48,29.8,0.67
2025-06-16,12:00,77,341.4,35.4,44.0,77.33,0.51,61.86,0.43,26.6,0.67
2025-06-16,13:00,77,359.9,35.2,44.2,77.26,0.54,61.81,0.45,28.0,0.67
2025-06-16,14:00,77,303.2,34.4,42.0,77.94,0.46,62.35,0.38,23.8,0.67
2025-06-16,15:00,77,184.9,33.2,37.8,79.28,0.28,63.42,0.23,14.7,0.67
2025-06-16,16:00,77,138.8,32.0,35.4,80.02,0.21,64.02,0.17,11.1,0.67
2025-06-16,17:00,77,32.5,30.7,31.5,81.28,0.05,65.02,0.04,2.6,0.67
2025-06-17,05:00,77,4.8,25.8,25.9,83.05,0.01,66.44,0.01,0.4,0.67
2025-06-17,06:00,77,91.3,26.6,28.8,82.11,0.14,65.69,0.11,7.4,0.67
2025-06-17,07:00,77,206.3,28.0,33.2,80.74,0.31,64.59,0.26,16.6,0.67
2025-06-17,08:00,77,347.7,30.1,38.8,78.97,0.52,63.18,0.44,27.5,0.67
2025-06-17,09:00,77,456.3,31.9,43.3,77.53,0.69,62.03,0.57,35.6,0.67
2025-06-17,10:00,77,573.9,33.2,47.6,76.18,0.87,60.94,0.73,44.2,0.67
2025-06-17,11:00,77,613.0,34.1,49.4,75.59,0.93,60.47,0.78,46.9,0.67
2025-06-17,12:00,77,628.4,34.5,50.2,75.35,0.95,60.28,0.8,48.0,0.67
2025-06-17,13:00,77,494.9,34.5,46.9,76.39,0.75,61.11,0.63,38.2,0.67
2025-06-17,14:00,77,494.4,34.4,46.8,76.44,0.75,61.15,0.62,38.2,0.67
2025-06-17,15:00,77,322.4,33.9,42.0,77.95,0.48,62.36,0.41,25.3,0.67
2025-06-17,16:00,77,178.0,32.9,37.3,79.42,0.27,63.54,0.22,14.2,0.67
2025-06-17,17:00,77,47.6,30.8,32.0,81.13,0.07,64.9,0.06,3.8,0.67
2025-06-18,05:00,77,5.6,25.0,25.2,83.27,0.01,66.62,0.01,0.5,0.67
2025-06-18,06:00,77,94.4,26.2,28.5,82.21,0.14,65.77,0.12,7.7,0.67
2025-06-18,07:00,77,254.2,27.8,34.2,80.42,0.38,64.34,0.32,20.4,0.67
2025-06-18,08:00,77,422.8,30.3,40.9,78.31,0.63,62.65,0.53,33.3,0.67
2025-06-18,09:00,77,538.0,32.4,45.9,76.72,0.81,61.38,0.68,41.7,0.67
2025-06-18,10:00,77,593.5,34.0,48.8,75.78,0.9,60.62,0.75,45.5,0.67
2025-06-18,11:00,77,666.5,35.0,51.7,74.89,1.01,59.91,0.85,50.7,0.67
2025-06-18,12:00,77,632.2,35.2,51.0,75.1,0.96,60.08,0.8,48.2,0.67
2025-06-18,13:00,77,619.4,34.9,50.4,75.3,0.94,60.24,0.79,47.3,0.67
2025-06-18,14:00,77,491.9,34.3,46.6,76.49,0.74,61.19,0.62,38.0,0.67
2025-06-18,15:00,77,327.3,33.5,41.7,78.04,0.49,62.43,0.41,25.7,0.67
2025-06-18,16:00,77,171.8,32.4,36.7,79.62,0.26,63.69,0.21,13.7,0.67
2025-06-18,17:00,77,46.5,30.7,31.9,81.16,0.07,64.93,0.06,3.8,0.67
2025-06-19,05:00,77,5.1,25.8,25.9,83.03,0.01,66.42,0.01,0.4,0.67
2025-06-19,06:00,77,87.8,26.7,28.9,82.11,0.13,65.69,0.11,7.2,0.67
2025-06-19,07:00,77,235.8,28.5,34.4,80.35,0.35,64.28,0.29,18.9,0.67
2025-06-19,08:00,77,402.9,30.8,40.8,78.31,0.6,62.65,0.51,31.7,0.67
2025-06-19,09:00,77,544.8,32.6,46.3,76.6,0.82,61.28,0.69,42.1,0.67
2025-06-19,10:00,77,661.0,34.1,50.6,75.22,1.0,60.17,0.84,50.4,0.67
2025-06-19,11:00,77,642.3,34.9,50.9,75.12,0.97,60.09,0.81,49.0,0.67
2025-06-19,12:00,77,665.7,35.1,51.8,74.84,1.01,59.88,0.84,50.6,0.67
2025-06-19,13:00,77,544.1,35.0,48.6,75.85,0.82,60.68,0.69,41.8,0.67
2025-06-19,14:00,77,433.1,34.4,45.2,76.92,0.65,61.54,0.55,33.6,0.67
2025-06-19,15:00,77,284.6,33.5,40.6,78.39,0.43,62.71,0.36,22.4,0.67
2025-06-19,16:00,77,143.5,32.2,35.8,79.91,0.21,63.92,0.18,11.5,0.67
2025-06-19,17:00,77,42.7,30.5,31.6,81.25,0.06,65.0,0.05,3.5,0.67
2025-06-20,05:00,77,5.5,24.4,24.6,83.46,0.01,66.77,0.01,0.5,0.67
2025-06-20,06:00,77,92.2,25.5,27.8,82.43,0.14,65.94,0.11,7.5,0.67
2025-06-20,07:00,77,236.2,27.1,33.0,80.79,0.35,64.63,0.29,19.0,0.67
2025-06-20,08:00,77,420.3,28.9,39.4,78.76,0.63,63.01,0.53,33.2,0.67
2025-06-20,09:00,77,562.3,30.8,44.9,77.04,0.85,61.63,0.71,43.7,0.67
2025-06-20,10:00,77,628.5,32.4,48.1,76.0,0.95,60.8,0.79,48.3,0.67
2025-06-20,11:00,77,699.1,33.6,51.1,75.06,1.06,60.05,0.89,53.2,0.67
2025-06-20,12:00,77,614.2,34.3,49.7,75.51,0.93,60.41,0.78,47.0,0.67
2025-06-20,13:00,77,540.3,34.7,48.2,75.97,0.82,60.78,0.68,41.5,0.67
2025-06-20,14:00,77,512.8,34.7,47.5,76.2,0.77,60.96,0.65,39.5,0.67
2025-06-20,15:00,77,358.9,34.2,43.2,77.57,0.54,62.05,0.45,28.0,0.67
2025-06-20,16:00,77,190.9,33.0,37.8,79.27,0.29,63.42,0.24,15.2,0.67
2025-06-20,17:00,77,49.7,30.8,32.0,81.11,0.07,64.89,0.06,4.0,0.67
2025-06-21,05:00,77,5.4,25.1,25.3,83.24,0.01,66.6,0.01,0.4,0.67
2025-06-21,06:00,77,103.0,26.4,29.0,82.08,0.15,65.66,0.13,8.4,0.67
2025-06-21,07:00,77,273.4,28.0,34.8,80.21,0.41,64.17,0.34,21.9,0.67
2025-06-21,08:00,77,490.0,30.0,42.3,77.85,0.74,62.28,0.62,38.4,0.67
2025-06-21,09:00,77,620.7,31.7,47.2,76.29,0.94,61.03,0.78,47.9,0.67
2025-06-21,10:00,77,596.0,32.8,47.7,76.13,0.9,60.91,0.75,45.9,0.67
2025-06-21,11:00,77,758.8,33.5,52.5,74.61,1.15,59.69,0.96,57.5,0.67
2025-06-21,12:00,77,680.4,34.0,51.0,75.1,1.03,60.08,0.86,51.8,0.67
2025-06-21,13:00,77,604.7,34.1,49.3,75.64,0.91,60.51,0.77,46.3,0.67
2025-06-21,14:00,77,529.9,34.0,47.3,76.27,0.8,61.01,0.67,40.9,0.67
2025-06-21,15:00,77,400.2,33.7,43.7,77.4,0.6,61.92,0.5,31.2,0.67
2025-06-21,16:00,77,215.9,33.0,38.4,79.09,0.32,63.27,0.27,17.1,0.67
2025-06-21,17:00,77,60.6,31.1,32.6,80.92,0.09,64.73,0.08,4.9,0.67
2025-06-22,05:00,77,5.2,24.9,25.1,83.3,0.01,66.64,0.01,0.4,0.67
2025-06-22,06:00,77,87.9,26.0,28.2,82.32,0.13,65.85,0.11,7.2,0.67
2025-06-22,07:00,77,236.7,28.1,34.0,80.49,0.35,64.39,0.3,19.0,0.67
2025-06-22,08:00,77,397.0,30.4,40.3,78.48,0.59,62.78,0.5,31.3,0.67
2025-06-22,09:00,77,554.1,32.1,46.0,76.68,0.84,61.34,0.7,42.9,0.67
2025-06-22,10:00,77,676.2,33.1,50.0,75.41,1.02,60.33,0.86,51.7,0.67
2025-06-22,11:00,77,716.9,33.6,51.6,74.91,1.09,59.93,0.91,54.5,0.67
2025-06-22,12:00,77,679.6,33.9,50.9,75.13,1.03,60.11,0.86,51.8,0.67
2025-06-22,13:00,77,462.7,34.0,45.6,76.82,0.7,61.45,0.58,35.9,0.67
2025-06-22,14:00,77,391.4,33.9,43.6,77.42,0.59,61.94,0.49,30.5,0.67
2025-06-22,15:00,77,213.3,33.3,38.6,79.02,0.32,63.21,0.27,16.9,0.67
2025-06-22,16:00,77,151.0,32.2,36.0,79.85,0.23,63.88,0.19,12.1,0.67
2025-06-22,17:00,77,30.4,30.4,31.2,81.38,0.05,65.1,0.04,2.5,0.67
2025-06-23,05:00,77,3.4,25.3,25.4,83.2,0.01,66.56,0.0,0.3,0.67
2025-06-23,06:00,77,77.0,26.5,28.4,82.24,0.11,65.79,0.1,6.3,0.67
2025-06-23,07:00,77,186.9,28.3,33.0,80.81,0.28,64.65,0.23,15.1,0.67
2025-06-23,08:00,77,304.4,30.4,38.1,79.2,0.46,63.36,0.38,24.2,0.67
2025-06-23,09:00,77,436.6,32.2,43.2,77.58,0.66,62.06,0.55,34.1,0.67
2025-06-23,10:00,77,538.0,33.6,47.0,76.36,0.81,61.09,0.68,41.5,0.67
2025-06-23,11:00,77,544.1,34.7,48.3,75.96,0.82,60.77,0.69,41.8,0.67
2025-06-23,12:00,77,617.9,35.2,50.7,75.2,0.94,60.16,0.78,47.1,0.67
2025-06-23,13:00,77,440.9,35.2,46.3,76.59,0.66,61.27,0.56,34.1,0.67
2025-06-23,14:00,77,302.4,34.7,42.3,77.85,0.45,62.28,0.38,23.7,0.67
2025-06-23,15:00,77,235.2,33.6,39.4,78.76,0.35,63.0,0.29,18.6,0.67
2025-06-23,16:00,77,153.6,32.2,36.1,79.83,0.23,63.86,0.19,12.3,0.67
2025-06-23,17:00,77,36.0,30.4,31.3,81.34,0.05,65.07,0.04,2.9,0.67
2025-06-24,05:00,77,3.9,25.4,25.5,83.16,0.01,66.53,0.0,0.3,0.67
2025-06-24,06:00,77,71.3,26.9,28.7,82.16,0.11,65.73,0.09,5.8,0.67
2025-06-24,07:00,77,198.5,29.4,34.3,80.37,0.3,64.3,0.25,15.9,0.67
2025-06-24,08:00,77,358.9,31.6,40.6,78.38,0.54,62.7,0.45,28.3,0.67
2025-06-24,09:00,77,448.4,33.3,44.5,77.14,0.67,61.71,0.57,34.9,0.67
2025-06-24,10:00,77,626.9,34.6,50.3,75.32,0.95,60.26,0.79,47.9,0.67
2025-06-24,11:00,77,690.8,35.5,52.8,74.53,1.05,59.63,0.88,52.3,0.67
2025-06-24,12:00,77,622.0,35.9,51.5,74.94,0.94,59.95,0.79,47.3,0.67
2025-06-24,13:00,77,508.3,35.9,48.6,75.84,0.77,60.67,0.64,39.0,0.67
2025-06-24,14:00,77,466.9,35.4,47.1,76.34,0.7,61.07,0.59,36.0,0.67
2025-06-24,15:00,77,330.2,34.4,42.6,77.74,0.5,62.19,0.42,25.8,0.67
2025-06-24,16:00,77,180.7,33.1,37.6,79.33,0.27,63.47,0.23,14.4,0.67
2025-06-24,17:00,77,54.0,31.3,32.6,80.92,0.08,64.73,0.07,4.4,0.67
2025-06-25,05:00,77,4.5,26.4,26.5,82.86,0.01,66.29,0.01,0.4,0.67
2025-06-25,06:00,77,83.0,27.4,29.5,81.92,0.12,65.53,0.1,6.8,0.67
2025-06-25,07:00,77,228.0,28.6,34.3,80.37,0.34,64.3,0.28,18.3,0.67
2025-06-25,08:00,77,405.9,30.1,40.2,78.5,0.61,62.8,0.51,32.0,0.67
2025-06-25,09:00,77,490.9,31.4,43.7,77.41,0.74,61.92,0.62,38.3,0.67
2025-06-25,10:00,77,538.6,32.6,46.1,76.65,0.81,61.32,0.68,41.7,0.67
2025-06-25,11:00,77,612.0,33.6,49.0,75.74,0.92,60.6,0.77,46.9,0.67
2025-06-25,12:00,77,601.9,34.3,49.3,75.63,0.91,60.5,0.76,46.1,0.67
2025-06-25,13:00,77,558.8,34.2,48.2,75.99,0.84,60.8,0.71,43.0,0.67
2025-06-25,14:00,77,319.9,33.7,41.7,78.04,0.48,62.43,0.4,25.1,0.67
2025-06-25,15:00,77,207.1,33.1,38.2,79.14,0.31,63.31,0.26,16.4,0.67
2025-06-25,16:00,77,111.2,32.2,35.0,80.17,0.17,64.14,0.14,8.9,0.67
2025-06-25,17:00,77,30.8,30.6,31.4,81.29,0.05,65.04,0.04,2.5,0.67
2025-06-26,05:00,77,3.1,25.9,25.9,83.03,0.0,66.43,0.0,0.3,0.67
2025-06-26,06:00,77,67.6,26.6,28.3,82.29,0.1,65.83,0.08,5.5,0.67
2025-06-26,07:00,77,178.4,28.0,32.4,80.97,0.27,64.78,0.22,14.4,0.67
2025-06-26,08:00,77,323.6,29.8,37.9,79.24,0.48,63.39,0.41,25.7,0.67
2025-06-26,09:00,77,335.8,31.4,39.8,78.65,0.5,62.92,0.42,26.5,0.67
2025-06-26,10:00,77,435.5,32.8,43.7,77.42,0.65,61.94,0.55,34.0,0.67
2025-06-26,11:00,77,507.0,34.0,46.6,76.47,0.76,61.18,0.64,39.2,0.67
2025-06-26,12:00,77,499.4,34.9,47.4,76.23,0.75,60.98,0.63,38.5,0.67
2025-06-26,13:00,77,472.4,35.1,46.9,76.4,0.71,61.12,0.6,36.5,0.67
2025-06-26,14:00,77,385.5,34.3,44.0,77.33,0.58,61.86,0.49,30.0,0.67
2025-06-26,15:00,77,246.0,33.2,39.3,78.8,0.37,63.04,0.31,19.4,0.67
2025-06-26,16:00,77,149.1,31.7,35.4,80.04,0.22,64.03,0.19,11.9,0.67
2025-06-26,17:00,77,39.3,29.9,30.9,81.46,0.06,65.17,0.05,3.2,0.67
2025-06-27,05:00,77,3.8,24.9,25.0,83.33,0.01,66.67,0.0,0.3,0.67
2025-06-27,06:00,77,74.5,25.6,27.5,82.53,0.11,66.03,0.09,6.1,0.67
2025-06-27,07:00,77,220.5,27.1,32.6,80.92,0.33,64.74,0.27,17.8,0.67
2025-06-27,08:00,77,392.2,28.9,38.7,78.98,0.59,63.18,0.49,31.1,0.67
2025-06-27,09:00,77,605.8,30.7,45.9,76.72,0.91,61.38,0.76,46.9,0.67
2025-06-27,10:00,77,743.1,32.3,50.9,75.12,1.13,60.1,0.94,56.6,0.67
2025-06-27,11:00,77,675.6,33.8,50.6,75.21,1.02,60.17,0.86,51.5,0.67
2025-06-27,12:00,77,696.1,34.9,52.3,74.68,1.06,59.75,0.88,52.8,0.67
2025-06-27,13:00,77,657.9,35.5,52.0,74.79,1.0,59.83,0.84,50.0,0.67
2025-06-27,14:00,77,564.4,35.7,49.8,75.48,0.85,60.39,0.71,43.2,0.67
2025-06-27,15:00,77,380.1,35.3,44.8,77.06,0.57,61.65,0.48,29.5,0.67
2025-06-27,16:00,77,204.0,34.3,39.4,78.77,0.31,63.01,0.26,16.1,0.67
2025-06-27,17:00,77,55.9,32.1,33.5,80.63,0.08,64.5,0.07,4.5,0.67
2025-06-28,05:00,77,3.5,25.8,25.9,83.03,0.01,66.43,0.0,0.3,0.67
2025-06-28,06:00,77,66.5,26.4,28.1,82.36,0.1,65.89,0.08,5.4,0.67
2025-06-28,07:00,77,194.2,27.6,32.5,80.96,0.29,64.77,0.24,15.7,0.67
2025-06-28,08:00,77,341.1,29.6,38.2,79.16,0.51,63.33,0.43,27.1,0.67
2025-06-28,09:00,77,451.0,31.7,43.0,77.64,0.68,62.11,0.57,35.3,0.67
2025-06-28,10:00,77,575.8,33.1,47.5,76.2,0.87,60.96,0.73,44.4,0.67
2025-06-28,11:00,77,638.5,33.9,49.9,75.46,0.97,60.36,0.81,48.8,0.67
2025-06-28,12:00,77,508.2,34.4,47.1,76.33,0.77,61.06,0.64,39.2,0.67
2025-06-28,13:00,77,527.8,34.6,47.8,76.1,0.8,60.88,0.67,40.6,0.67
2025-06-28,14:00,77,425.0,34.4,45.0,77.0,0.64,61.6,0.54,33.0,0.67
2025-06-28,15:00,77,273.4,33.7,40.5,78.42,0.41,62.73,0.34,21.5,0.67
2025-06-28,16:00,77,136.5,32.5,36.0,79.86,0.2,63.89,0.17,10.9,0.67
2025-06-28,17:00,77,37.9,30.6,31.6,81.24,0.06,64.99,0.05,3.1,0.67
2025-06-29,05:00,77,3.8,25.7,25.8,83.07,0.01,66.46,0.0,0.3,0.67
2025-06-29,06:00,77,79.0,26.8,28.8,82.12,0.12,65.7,0.1,6.4,0.67
2025-06-29,07:00,77,204.3,28.5,33.6,80.6,0.3,64.48,0.25,16.4,0.67
2025-06-29,08:00,77,345.8,30.5,39.2,78.84,0.52,63.07,0.43,27.3,0.67
2025-06-29,09:00,77,440.4,32.3,43.3,77.53,0.66,62.02,0.55,34.4,0.67
2025-06-29,10:00,77,554.7,33.6,47.5,76.21,0.84,60.97,0.7,42.7,0.67
2025-06-29,11:00,77,687.0,34.7,51.8,74.83,1.04,59.86,0.87,52.2,0.67
2025-06-29,12:00,77,649.0,35.5,51.7,74.87,0.98,59.89,0.82,49.3,0.67
2025-06-29,13:00,77,529.5,35.9,49.2,75.67,0.8,60.54,0.67,40.6,0.67
2025-06-29,14:00,77,401.1,35.9,45.9,76.71,0.6,61.37,0.51,31.1,0.67
2025-06-29,15:00,77,263.3,35.1,41.7,78.05,0.4,62.44,0.33,20.7,0.67
2025-06-29,16:00,77,147.1,33.5,37.1,79.49,0.22,63.59,0.18,11.7,0.67
2025-06-29,17:00,77,46.3,31.2,32.4,80.99,0.07,64.79,0.06,3.7,0.67
2025-06-30,05:00,77,5.0,25.6,25.8,83.09,0.01,66.47,0.01,0.4,0.67
2025-06-30,06:00,77,93.5,26.4,28.8,82.14,0.14,65.71,0.12,7.6,0.67
2025-06-30,07:00,77,254.8,27.5,33.8,80.53,0.38,64.43,0.32,20.5,0.67
2025-06-30,08:00,77,433.0,29.0,39.8,78.63,0.65,62.91,0.54,34.2,0.67
2025-06-30,09:00,77,549.0,30.7,44.4,77.18,0.83,61.75,0.69,42.7,0.67
2025-06-30,10:00,77,655.8,32.0,48.4,75.91,0.99,60.73,0.83,50.4,0.67
2025-06-30,11:00,77,728.3,32.9,51.1,75.06,1.1,60.05,0.92,55.5,0.67
2025-06-30,12:00,77,707.5,33.6,51.3,74.99,1.07,59.99,0.9,53.8,0.67
2025-06-30,13:00,77,654.2,34.3,50.6,75.21,0.99,60.17,0.83,49.9,0.67
2025-06-30,14:00,77,590.1,34.6,49.4,75.61,0.89,60.49,0.75,45.2,0.67
2025-06-30,15:00,77,388.6,34.4,44.1,77.27,0.58,61.82,0.49,30.3,0.67
2025-06-30,16:00,77,220.3,33.6,39.1,78.85,0.33,63.08,0.28,17.4,0.67
2025-06-30,17:00,77,70.3,31.5,33.2,80.73,0.1,64.58,0.09,5.7,0.67
